Rk,Player,Pos,Age,Tm,G,GS,MP,FG,FGA,FG%,3P,3PA,3P%,2P,2PA,2P%,eFG%,FT,FTA,FT%,ORB,DRB,TRB,AST,STL,BLK,TOV,PF,PTS
1,Precious Achiuwa,C,22,TOR,55,23,23.2,3.3,7.7,0.43,0.5,1.4,0.333,2.9,6.3,0.451,0.46,1,1.8,0.57,2.2,4.7,6.9,1.1,0.5,0.6,1.1,2,8.2
2,Steven Adams,C,28,MEM,62,61,26.5,2.8,5.1,0.555,0,0,0,2.8,5.1,0.555,0.555,1.5,2.7,0.553,4.6,5.2,9.8,3.4,0.8,0.8,1.6,1.9,7.2
3,Bam Adebayo,C,24,MIA,40,40,33.3,7.2,13.5,0.534,0,0.1,0,7.2,13.4,0.539,0.534,4.4,5.9,0.743,2.6,7.7,10.3,3.6,1.5,0.8,2.7,3.2,18.9
4,Santi Aldama,PF,21,MEM,27,0,10.3,1.4,3.6,0.381,0.1,1.4,0.103,1.2,2.1,0.569,0.402,0.4,0.7,0.6,0.9,1.5,2.4,0.5,0.1,0.3,0.3,1,3.3
5,LaMarcus Aldridge,C,36,BRK,45,12,22.8,5.6,10.1,0.554,0.3,1,0.311,5.3,9.1,0.58,0.569,2,2.3,0.873,1.6,4,5.6,0.9,0.3,1,0.9,1.6,13.5
6,Nickeil Alexander-Walker,SG,23,TOT,54,19,24.7,4.4,11.8,0.375,1.8,5.7,0.312,2.6,6.1,0.435,0.451,1.4,1.9,0.733,0.7,2.4,3.1,2.6,0.8,0.4,1.6,1.6,12
6,Nickeil Alexander-Walker,SG,23,NOP,50,19,26.3,4.7,12.6,0.375,1.9,6.1,0.311,2.8,6.5,0.434,0.45,1.4,1.9,0.722,0.7,2.6,3.3,2.8,0.8,0.4,1.7,1.8,12.8
6,Nickeil Alexander-Walker,SG,23,UTA,4,0,4.5,0.5,1.3,0.4,0.3,0.8,0.333,0.3,0.5,0.5,0.5,1,1,1,0.3,0.8,1,0.3,0,0,0.3,0.3,2.3
7,Grayson Allen,SG,26,MIL,54,53,27.7,3.9,9.1,0.431,2.4,6.2,0.394,1.5,2.9,0.51,0.565,1,1.2,0.857,0.5,2.9,3.3,1.5,0.8,0.3,0.6,1.5,11.3
8,Jarrett Allen,C,23,CLE,56,56,32.3,6.6,9.7,0.677,0,0.2,0.1,6.6,9.6,0.688,0.678,2.9,4.2,0.708,3.4,7.3,10.8,1.6,0.8,1.3,1.7,1.7,16.1
9,Jose Alvarado,PG,23,NOP,36,1,12.9,1.9,4.5,0.426,0.6,1.8,0.318,1.3,2.7,0.5,0.491,0.6,0.8,0.741,0.3,1.1,1.4,2.1,1,0.1,0.6,1.4,5
10,Justin Anderson,SF,28,TOT,6,0,12.8,1,3.2,0.316,0.5,2.5,0.2,0.5,0.7,0.75,0.395,1,1.2,0.857,0.3,1.3,1.7,1.5,0.3,0.2,0.5,1.5,3.5
10,Justin Anderson,SF,28,CLE,3,0,15.7,1.3,2.7,0.5,0.7,2,0.333,0.7,0.7,1,0.625,1,1.3,0.75,0,2,2,2,0.3,0,0.7,1.3,4.3
10,Justin Anderson,SF,28,IND,3,0,10,0.7,3.7,0.182,0.3,3,0.111,0.3,0.7,0.5,0.227,1,1,1,0.7,0.7,1.3,1,0.3,0.3,0.3,1.7,2.7
11,Kyle Anderson,PF,28,MEM,53,8,21.7,3,6.8,0.434,0.5,1.6,0.329,2.4,5.2,0.466,0.472,0.9,1.5,0.617,1,4.3,5.4,2.7,1.2,0.6,1,1.6,7.4
12,Giannis Antetokounmpo,PF,27,MIL,54,54,32.8,10,18.4,0.544,1.1,3.8,0.296,8.9,14.6,0.608,0.574,8.2,11.3,0.722,2,9.6,11.6,6,1,1.4,3.3,3.2,29.2
13,Thanasis Antetokounmpo,SF,29,MIL,38,5,9.7,1.2,2.3,0.494,0,0.3,0.091,1.1,2.1,0.551,0.5,0.4,0.7,0.615,0.9,1.3,2.2,0.5,0.4,0.2,0.5,1.6,2.8
14,Carmelo Anthony,PF,37,LAL,55,3,26.7,4.7,10.5,0.445,2.3,5.9,0.391,2.4,4.6,0.514,0.555,2,2.4,0.833,0.9,3.3,4.2,1,0.8,0.8,0.9,2.3,13.6
15,Cole Anthony,PG,21,ORL,51,51,33,5.9,15,0.394,2.1,6.4,0.333,3.8,8.7,0.439,0.465,3.4,4,0.856,0.5,5.2,5.7,5.7,0.8,0.3,2.8,2.7,17.4
16,OG Anunoby,SF,24,TOR,42,42,36.7,6.6,15.1,0.436,2.4,6.8,0.351,4.2,8.3,0.506,0.515,1.9,2.5,0.748,1.6,3.9,5.5,2.6,1.5,0.6,1.8,3,17.5
17,Ryan Arcidiacono,PG,27,NYK,2,0,3.5,0.5,0.5,1,0.5,0.5,1,0,0,0,1.5,0,0,0,0,0,0,0,0,0,0,0,1.5
18,Trevor Ariza,SF,36,LAL,22,10,18.9,1.3,3.7,0.341,0.9,3,0.303,0.4,0.7,0.5,0.463,0.4,0.7,0.533,0.3,3,3.2,1,0.5,0.2,0.5,0.9,3.8
19,D.J. Augustin,PG,34,TOT,36,2,15.3,1.6,4,0.403,1.2,2.9,0.408,0.4,1.1,0.39,0.549,0.9,1.1,0.868,0.2,1,1.2,2.3,0.4,0,1.3,0.5,5.3
19,D.J. Augustin,PG,34,HOU,34,2,15,1.6,4,0.404,1.1,2.8,0.406,0.5,1.2,0.4,0.548,1,1.1,0.868,0.2,1,1.2,2.2,0.3,0,1.3,0.5,5.4
19,D.J. Augustin,PG,34,LAL,2,0,20.5,1.5,4,0.375,1.5,3.5,0.429,0,0.5,0,0.563,0,0,0,0.5,1,1.5,5,1.5,0,0.5,1,4.5
20,Deni Avdija,SF,21,WAS,63,6,23.5,2.8,6.3,0.44,0.9,2.8,0.313,1.9,3.5,0.543,0.51,1.2,1.5,0.781,0.7,4.5,5.1,1.7,0.8,0.6,0.9,2.3,7.7
21,Joel Ayayi,SG,21,WAS,7,0,2.9,0.1,0.9,0.167,0,0.1,0,0.1,0.7,0.2,0.167,0,0,0,0.1,0.3,0.4,0.6,0,0,0,0,0.3
22,Deandre Ayton,C,23,PHO,43,43,29.4,7.3,11.5,0.641,0.1,0.3,0.385,7.2,11.2,0.648,0.646,1.8,2.5,0.713,2.4,7.3,9.7,1.4,0.8,0.8,1.6,2.3,16.6
23,Udoka Azubuike,C,22,UTA,16,6,11.6,2.1,2.9,0.739,0,0,0,2.1,2.9,0.739,0.739,0.4,0.7,0.545,1.1,3.1,4.3,0,0.1,0.7,0.8,1.4,4.6
24,Marvin Bagley III,PF,22,TOT,35,17,21.9,4.1,8.6,0.475,0.5,2,0.229,3.6,6.6,0.55,0.502,1.1,1.7,0.678,2.3,4.7,7,0.6,0.3,0.3,0.7,1.7,9.8
24,Marvin Bagley III,PF,22,SAC,30,17,21.9,3.8,8.2,0.463,0.5,2.1,0.242,3.3,6.1,0.538,0.494,1.2,1.6,0.745,2.2,4.9,7.2,0.6,0.3,0.4,0.7,1.7,9.3
24,Marvin Bagley III,PF,22,DET,5,0,22.2,5.8,11,0.527,0.2,1.6,0.125,5.6,9.4,0.596,0.536,1,2.4,0.417,2.4,3.6,6,0.6,0.6,0.2,0.4,1.6,12.8
25,LaMelo Ball,PG,20,CHO,58,58,32.2,7,16.8,0.418,2.7,7.2,0.37,4.3,9.5,0.454,0.497,3,3.5,0.866,1.6,5.3,6.9,7.3,1.5,0.4,3.2,3.2,19.7
26,Lonzo Ball,PG,24,CHI,35,35,34.6,4.6,10.9,0.423,3.1,7.4,0.423,1.5,3.5,0.423,0.567,0.6,0.8,0.75,1,4.4,5.4,5.1,1.8,0.9,2.3,2.4,13
27,Mo Bamba,C,23,ORL,54,52,26.1,4.1,8.5,0.476,1.3,3.6,0.345,2.8,4.9,0.574,0.55,0.9,1,0.821,2.1,5.8,7.9,1.2,0.6,1.8,1.2,2.6,10.2
28,Desmond Bane,SF,23,MEM,62,62,30.2,6.6,14.5,0.455,2.9,7,0.412,3.7,7.5,0.495,0.554,1.7,1.9,0.907,0.5,3.9,4.4,2.5,1.1,0.4,1.5,2.6,17.8
29,Dalano Banton,SF,22,TOR,54,1,11.4,1.4,3.4,0.405,0.2,0.9,0.265,1.1,2.5,0.456,0.441,0.4,0.6,0.629,0.6,1.4,2,1.5,0.5,0.2,0.9,1.1,3.4
30,Cat Barber,PG,27,ATL,3,0,4.3,0,1.3,0,0,0,0,0,1.3,0,0,0,1.3,0,0.3,0.7,1,1,0,0,0.3,0.3,0
31,Harrison Barnes,PF,29,SAC,61,61,33.9,5.2,11,0.47,2,4.7,0.416,3.2,6.4,0.51,0.559,4.9,5.9,0.832,1.1,4.8,6,2.5,0.8,0.2,1.6,1.2,17.2
32,Scottie Barnes,PF,20,TOR,56,56,35.4,6,12.3,0.487,0.8,2.6,0.306,5.2,9.7,0.535,0.519,2.2,3,0.734,2.6,5,7.6,3.3,1.1,0.8,1.9,2.6,14.9
33,RJ Barrett,SF,21,NYK,53,53,33.6,6.6,16.1,0.412,2,5.7,0.354,4.6,10.4,0.444,0.475,3.7,5.3,0.7,0.8,4.9,5.8,2.8,0.5,0.3,2.1,2.1,19
34,Will Barton,SG,31,DEN,57,57,31.8,5.6,12.8,0.439,2.2,6.1,0.357,3.4,6.7,0.513,0.524,1.5,1.9,0.792,0.6,4.3,4.9,3.8,0.8,0.5,1.8,1.5,14.8
35,Paris Bass,SF,26,PHO,2,0,3.5,1,3,0.333,0,1,0,1,2,0.5,0.333,1,1,1,1,1,2,0,0.5,0,1,1,3
36,Charles Bassey,PF,21,PHI,23,0,7.3,1.3,2,0.638,0,0.2,0,1.3,1.9,0.698,0.638,0.4,0.5,0.75,1,1.7,2.7,0.3,0.2,0.7,0.3,1.4,3
37,Keita Bates-Diop,SF,26,SAS,50,13,16.2,2.2,4.3,0.509,0.3,1,0.347,1.8,3.3,0.558,0.549,0.7,1,0.708,1,2.9,3.9,0.7,0.5,0.3,0.7,1.1,5.4
38,Nicolas Batum,PF,33,LAC,45,40,24.3,3,6.5,0.466,1.8,4.6,0.405,1.2,2,0.607,0.607,0.4,0.6,0.667,0.5,3.9,4.4,1.5,0.9,0.7,0.6,1.4,8.3
39,Kent Bazemore,SF,32,LAL,35,14,14.4,1.3,3.7,0.346,0.8,2.1,0.392,0.5,1.6,0.286,0.458,0.4,0.5,0.765,0.3,1.5,1.8,0.9,0.7,0.2,0.5,1.7,3.8
40,Darius Bazley,PF,21,OKC,59,43,27.5,3.6,8.9,0.402,1,3.6,0.286,2.6,5.3,0.479,0.459,1.5,2.2,0.695,1.1,5.4,6.5,1.4,0.9,1.1,1.3,0.9,9.7
41,Bradley Beal,SG,28,WAS,40,40,36,8.7,19.3,0.451,1.6,5.3,0.3,7.1,14,0.508,0.492,4.2,5.1,0.833,1,3.8,4.7,6.6,0.9,0.4,3.4,2.4,23.2
42,Malik Beasley,SG,25,MIN,64,11,25,4.3,11.2,0.386,3,8.2,0.369,1.3,3,0.433,0.521,0.5,0.7,0.756,0.4,2.5,2.9,1.4,0.5,0.2,0.6,1.2,12.2
43,Jordan Bell,C,27,CHI,1,0,2,0,0,0,0,0,0,0,0,0,0,0,0,0,1,0,1,0,1,0,0,2,0
44,DeAndre' Bembry,SF,27,TOT,53,20,18.9,2.3,4.1,0.569,0.3,0.7,0.417,2.1,3.4,0.599,0.603,0.4,0.7,0.6,0.8,2.3,3,1.2,0.9,0.5,0.6,2.1,5.4
44,DeAndre' Bembry,SF,27,BRK,48,20,19.8,2.5,4.4,0.568,0.3,0.8,0.417,2.2,3.7,0.599,0.603,0.4,0.7,0.6,0.8,2.4,3.2,1.3,1,0.5,0.6,2.2,5.8
44,DeAndre' Bembry,SF,27,MIL,5,0,10.2,0.6,1,0.6,0,0,0,0.6,1,0.6,0.6,0,0,0,0.4,1.2,1.6,0.6,0.2,0,0,1.2,1.2
45,D?vis Bert?ns,PF,29,TOT,41,0,14.8,1.8,5.2,0.354,1.4,4.4,0.324,0.4,0.7,0.533,0.493,0.8,0.8,0.912,0.2,1.7,1.9,0.5,0.3,0.2,0.3,1.6,5.9
45,D?vis Bert?ns,PF,29,WAS,34,0,14.7,1.8,5,0.351,1.4,4.2,0.319,0.4,0.8,0.519,0.485,0.8,0.9,0.933,0.2,1.6,1.8,0.5,0.3,0.2,0.4,1.6,5.7
45,D?vis Bert?ns,PF,29,DAL,7,0,15.1,2.1,5.9,0.366,1.9,5.4,0.342,0.3,0.4,0.667,0.524,0.4,0.6,0.75,0.1,2.3,2.4,0.6,0.1,0.4,0,1.4,6.6
46,Patrick Beverley,PG,33,MIN,45,41,26.2,3.1,7.8,0.4,1.5,4.4,0.338,1.6,3.4,0.48,0.496,1.4,2,0.711,1.1,3.1,4.2,4.9,1.2,0.9,1.4,3.1,9.1
47,Saddiq Bey,SF,22,DET,64,64,33.6,5.6,14,0.396,2.6,7.4,0.348,3,6.6,0.449,0.488,2.5,3,0.832,1.5,4.3,5.8,2.8,0.8,0.2,1.3,1.6,16.2
48,Khem Birch,C,29,TOR,38,15,18.2,1.8,3.8,0.472,0,0.2,0,1.8,3.6,0.5,0.472,1,1.4,0.736,2.2,2.1,4.4,1.1,0.7,0.5,0.5,1.8,4.6
49,Goga Bitadze,C,22,IND,40,8,12,1.9,4,0.481,0.3,1.3,0.245,1.6,2.7,0.598,0.522,1,1.5,0.623,1.2,1.7,2.9,0.8,0.3,0.7,0.9,1.9,5.1
50,Bismack Biyombo,C,29,PHO,21,3,16.2,2.9,4.7,0.612,0,0,0,2.9,4.7,0.612,0.612,1.3,2.5,0.528,2.3,3.3,5.6,0.8,0.5,0.8,0.8,2,7
51,Nemanja Bjelica,C,33,GSW,56,0,15.1,2.2,4.9,0.458,0.8,2.2,0.341,1.5,2.7,0.553,0.535,0.8,1.2,0.682,0.8,3,3.9,1.9,0.6,0.3,1.1,1.6,6
52,Eric Bledsoe,PG,32,LAC,54,29,25.2,3.6,8.7,0.421,0.9,3,0.313,2.7,5.6,0.479,0.475,1.6,2.2,0.761,0.5,2.9,3.4,4.2,1.3,0.4,2.1,1.6,9.9
53,Keljin Blevins,SF,26,POR,16,1,7.6,0.8,2.1,0.364,0.4,1.3,0.333,0.3,0.8,0.417,0.47,0,0.1,0,0.4,0.4,0.8,0.6,0.1,0.1,0.5,0.4,1.9
54,Bogdan Bogdanovi?,SG,29,ATL,45,26,29.3,5.2,11.8,0.439,2.6,6.9,0.375,2.6,4.9,0.527,0.548,1.2,1.5,0.818,0.4,3.6,4,2.9,1,0.2,1.1,2,14.1
55,Bojan Bogdanovi?,PF,32,UTA,61,61,31,6.1,13.4,0.453,2.6,6.7,0.383,3.5,6.8,0.522,0.548,3.1,3.5,0.87,0.9,3.4,4.3,1.7,0.4,0,1.8,1.6,17.8
56,Bol Bol,PF,22,DEN,14,0,5.8,1.1,1.9,0.556,0.1,0.3,0.25,1,1.6,0.609,0.574,0.1,0.4,0.4,0.3,1.1,1.4,0.4,0.1,0.1,0.3,0.3,2.4
57,Leandro Bolmaro,SF,21,MIN,26,2,7.4,0.4,1.4,0.306,0.2,0.6,0.267,0.3,0.8,0.333,0.361,0.3,0.3,0.889,0.6,0.8,1.4,0.5,0.2,0,0.5,0.8,1.3
58,Isaac Bonga,SF,22,TOR,14,0,4.8,0.2,0.9,0.231,0.1,0.3,0.25,0.1,0.6,0.222,0.269,0.3,0.4,0.667,0.3,0.2,0.5,0.3,0.5,0.1,0.1,0.7,0.8
59,Devin Booker,SG,25,PHO,54,54,34.4,9.3,20.8,0.448,2.6,7.1,0.368,6.7,13.7,0.49,0.511,4.4,5.1,0.864,0.8,4.4,5.2,4.6,1.1,0.4,2.4,2.5,25.6
60,Brandon Boston Jr.,SG,20,LAC,45,0,14.6,2.3,6.2,0.374,0.7,2.2,0.306,1.7,4.1,0.41,0.427,1.2,1.4,0.831,0.3,1.9,2.2,0.9,0.5,0.2,0.6,0.8,6.5
61,Chris Boucher,PF,29,TOR,62,9,20.5,3.2,6.8,0.473,0.8,2.7,0.291,2.4,4.1,0.591,0.53,1.9,2.5,0.77,2.1,3.9,5.9,0.3,0.6,1,0.6,2.2,9
62,James Bouknight,SG,21,CHO,28,0,10.6,1.7,4.9,0.353,0.6,1.8,0.347,1.1,3.1,0.356,0.415,1,1.1,0.871,0.8,1,1.7,0.8,0.3,0,0.5,1,5
63,Avery Bradley,SG,31,LAL,50,42,23.6,2.5,6,0.409,1.3,3.6,0.376,1.1,2.5,0.455,0.52,0.2,0.3,0.857,0.6,1.8,2.4,0.8,0.9,0.2,0.7,1.9,6.5
64,Tony Bradley,C,24,CHI,46,7,11,1.4,2.4,0.587,0,0,0,1.4,2.4,0.587,0.587,0.3,0.5,0.667,1.3,2.4,3.7,0.5,0.2,0.7,0.6,1.2,3.1
65,Ignas Brazdeikis,SF,23,ORL,31,0,9.1,1.2,2.9,0.407,0.4,1.3,0.308,0.8,1.7,0.481,0.473,0.4,0.5,0.765,0.4,0.9,1.3,0.7,0.3,0.1,0.3,0.9,3.2
66,Mikal Bridges,SF,25,PHO,64,64,34.9,5.4,10.1,0.533,1.4,3.8,0.366,4,6.3,0.633,0.601,1.4,1.6,0.837,1,3.3,4.3,2.3,1.2,0.4,0.8,1.9,13.5
67,Miles Bridges,PF,23,CHO,63,63,36.2,7.3,15.2,0.48,1.8,5.8,0.306,5.5,9.4,0.588,0.539,3.3,4.1,0.8,1.2,6,7.2,3.7,1,0.9,2,2.6,19.7
68,Oshae Brissett,SF,23,IND,53,11,21.5,2.6,6.5,0.398,1,3,0.331,1.6,3.5,0.455,0.474,1.5,2.2,0.664,1.6,3.4,5,0.9,0.6,0.5,0.7,1.5,7.7
69,Malcolm Brogdon,PG,29,IND,33,33,33.5,6.7,15,0.448,1.7,5.3,0.322,5,9.8,0.516,0.504,4.2,4.9,0.852,0.9,4.4,5.3,5.8,0.9,0.4,2,2,19.3
70,Armoni Brooks,SG-PG,23,TOT,42,8,16.5,2.1,6,0.347,1.5,5.1,0.3,0.5,0.9,0.605,0.474,0.4,0.5,0.842,0.3,1.6,1.9,1.2,0.5,0.2,0.5,1.5,6
70,Armoni Brooks,SG,23,HOU,41,8,16.8,2.1,6.1,0.347,1.6,5.2,0.3,0.6,0.9,0.605,0.474,0.4,0.5,0.842,0.3,1.7,2,1.2,0.5,0.2,0.6,1.5,6.2
70,Armoni Brooks,PG,23,TOR,1,0,5,0,0,0,0,0,0,0,0,0,0,0,0,0,0,0,0,0,0,0,0,1,0
71,Dillon Brooks,SF,26,MEM,21,20,28,6.9,16.2,0.426,1.6,4.8,0.327,5.3,11.4,0.469,0.475,3,3.4,0.889,0.8,2.5,3.3,2.7,1.3,0.2,1.8,3.3,18.4
72,Bruce Brown,SF,25,BRK,56,29,22.3,3,6.1,0.488,0.4,1.1,0.377,2.6,5,0.512,0.522,1,1.3,0.757,1.3,3.2,4.5,1.5,1,0.6,0.7,2.4,7.4
73,Charlie Brown Jr.,SG,24,TOT,19,2,9.1,0.5,2.1,0.256,0.1,0.6,0.083,0.5,1.4,0.333,0.269,0.5,0.5,0.9,0.7,0.9,1.7,0.3,0.5,0.2,0.3,0.9,1.6
73,Charlie Brown Jr.,SG,24,DAL,3,0,5,0.3,1.7,0.2,0,1,0,0.3,0.7,0.5,0.2,0,0,0,0,0.3,0.3,0.3,0.7,0.3,0,0.7,0.7
73,Charlie Brown Jr.,SG,24,PHI,16,2,9.8,0.6,2.1,0.265,0.1,0.6,0.111,0.5,1.6,0.32,0.279,0.6,0.6,0.9,0.9,1.1,1.9,0.3,0.5,0.2,0.3,1,1.8
74,Chaundee Brown Jr.,SG-SF,23,TOT,5,2,20.8,2,6.4,0.313,1.2,3.6,0.333,0.8,2.8,0.286,0.406,1,1.2,0.833,0.2,3,3.2,0.8,0.4,0,0.2,1.4,6.2
74,Chaundee Brown Jr.,SF,23,LAL,2,0,10.5,0.5,3.5,0.143,0,1.5,0,0.5,2,0.25,0.143,0,0,0,0,1,1,0,0,0,0.5,0,1
74,Chaundee Brown Jr.,SG,23,ATL,3,2,27.7,3,8.3,0.36,2,5,0.4,1,3.3,0.3,0.48,1.7,2,0.833,0.3,4.3,4.7,1.3,0.7,0,0,2.3,9.7
75,Greg Brown III,SF,20,POR,31,0,9.2,1.4,3.1,0.438,0.2,0.8,0.192,1.2,2.3,0.529,0.464,0.8,1.2,0.649,0.6,1.5,2.2,0.3,0.5,0.4,0.4,1.2,3.6
76,Jaylen Brown,SF,25,BOS,51,51,33.7,8.5,18.3,0.463,2.5,7.2,0.351,6,11.1,0.536,0.532,3.7,4.8,0.767,0.8,5.4,6.2,3.3,1.1,0.3,2.8,2.5,23.2
77,Moses Brown,C,22,DAL,26,1,6.5,1,1.9,0.54,0,0,0,1,1.9,0.54,0.54,1,1.7,0.628,0.6,1.7,2.3,0,0.1,0.3,0.5,1.1,3.1
78,Sterling Brown,SG,26,DAL,40,3,13.4,1.3,3.3,0.402,0.7,2,0.338,0.7,1.3,0.5,0.504,0.3,0.3,0.909,0.6,2.7,3.3,0.8,0.3,0.2,0.5,1.2,3.6
79,Troy Brown Jr.,SF,22,CHI,53,6,17.5,1.7,4.2,0.413,0.7,2.1,0.348,1,2.1,0.477,0.5,0.4,0.5,0.76,0.7,2.7,3.3,1,0.6,0.1,0.4,1.1,4.6
80,Jalen Brunson,PG,25,DAL,63,45,32.2,6.4,12.8,0.504,1.2,3.1,0.389,5.3,9.7,0.54,0.55,2.1,2.5,0.819,0.5,3.2,3.7,5.3,0.9,0,1.7,2,16.2
81,Thomas Bryant,C,24,WAS,20,9,17.6,3.4,6.4,0.523,0.5,1.8,0.278,2.9,4.6,0.62,0.563,1.2,1.4,0.852,1.3,2.9,4.1,1.1,0.3,0.7,0.9,1.8,8.4
82,Shaq Buchanan,PG,25,MEM,2,0,5,0.5,2,0.25,0,1,0,0.5,1,0.5,0.25,0,0,0,0.5,0.5,1,1,0.5,0,1,0.5,1
83,Reggie Bullock,SF,30,DAL,54,23,26.5,2.9,7.1,0.407,2,5.5,0.358,0.9,1.7,0.567,0.544,0.6,0.7,0.85,0.4,2.9,3.4,1.1,0.6,0.2,0.6,1.5,8.4
84,Trey Burke,PG,29,DAL,33,0,10.6,2.2,5.2,0.413,0.7,2.1,0.329,1.5,3.1,0.471,0.48,0.5,0.6,0.842,0.1,0.8,0.8,1.4,0.3,0,0.6,0.9,5.5
85,Alec Burks,SG,30,NYK,63,26,27,3.3,8.6,0.383,1.8,4.5,0.392,1.5,4.1,0.372,0.485,2.7,3.3,0.815,0.6,4,4.6,2.7,1,0.3,1,2.4,11
86,Jared Butler,SG,21,UTA,29,1,7.6,1.2,3.2,0.391,0.6,1.7,0.354,0.7,1.5,0.432,0.484,0.2,0.4,0.583,0.1,0.7,0.8,1.2,0.3,0.2,0.8,1,3.3
87,Jimmy Butler,SF,32,MIA,45,45,34.1,7,14.9,0.468,0.4,1.9,0.198,6.6,13,0.508,0.481,7,8.1,0.873,1.9,4.3,6.1,5.7,1.8,0.5,2.2,1.6,21.4
88,Devontae Cacok,PF,25,SAS,11,0,8.4,1.6,2.4,0.692,0,0,0,1.6,2.4,0.692,0.692,0.4,0.6,0.571,0.6,2.6,3.3,0.5,0.6,0.6,0.2,1.1,3.6
89,Kentavious Caldwell-Pope,SG,28,WAS,60,60,29.8,4.3,10.3,0.419,2.1,5.3,0.394,2.3,5.1,0.446,0.519,1.5,1.7,0.902,0.5,2.8,3.3,1.9,1.1,0.4,1.2,1.7,12.3
90,Facundo Campazzo,PG,30,DEN,57,4,20,1.8,4.9,0.372,1,3.2,0.313,0.8,1.8,0.48,0.473,1.1,1.3,0.789,0.4,1.6,2,3.6,1,0.4,1.1,2.1,5.7
91,Vlatko ?an?ar,PF,24,DEN,14,1,10.9,1.6,2.8,0.564,0.5,0.9,0.583,1.1,1.9,0.556,0.654,0.6,0.9,0.75,0.4,1.2,1.6,0.9,0.1,0.2,0.6,0.9,4.3
92,Clint Capela,C,27,ATL,55,54,27.9,4.8,8,0.593,0,0,0,4.8,8,0.594,0.593,1.1,2.4,0.47,3.8,8.3,12.1,1.3,0.7,1.4,0.6,2.2,10.7
93,Vernon Carey Jr.,C,20,TOT,5,1,3.6,0.6,1.2,0.5,0,0,0,0.6,1.2,0.5,0.5,0.4,0.6,0.667,0.6,0.4,1,0,0.2,0,0.2,0.2,1.6
93,Vernon Carey Jr.,C,20,CHO,4,1,4.3,0.8,1.5,0.5,0,0,0,0.8,1.5,0.5,0.5,0.5,0.8,0.667,0.8,0.5,1.3,0,0.3,0,0.3,0.3,2
93,Vernon Carey Jr.,C,20,WAS,1,0,1,0,0,0,0,0,0,0,0,0,0,0,0,0,0,0,0,0,0,0,0,0,0
94,Jevon Carter,PG,26,TOT,51,1,12.3,1.3,3.7,0.337,0.9,2.7,0.343,0.3,1,0.321,0.461,0.2,0.3,0.786,0.2,1.3,1.5,1,0.3,0.2,0.5,1,3.6
94,Jevon Carter,PG,26,BRK,46,1,12,1.3,3.8,0.333,0.9,2.8,0.331,0.3,1,0.34,0.454,0.2,0.2,0.7,0.2,1.3,1.5,1,0.3,0.2,0.6,1,3.6
94,Jevon Carter,PG,26,MIL,5,0,15.4,1.2,3.2,0.375,1,2,0.5,0.2,1.2,0.167,0.531,0.8,0.8,1,0.4,1.2,1.6,1.4,0,0.2,0.2,1.2,4.2
95,Wendell Carter Jr.,C,22,ORL,54,53,29.6,5.5,10.6,0.517,1.1,3.5,0.323,4.4,7.1,0.612,0.57,2.2,3.2,0.702,2.2,8.2,10.4,2.7,0.6,0.7,1.9,2.7,14.3
96,Alex Caruso,SG,27,CHI,28,9,27.7,2.8,6.5,0.429,1.1,3.1,0.345,1.7,3.4,0.505,0.511,1.7,2.1,0.814,0.9,3,3.9,3.9,1.9,0.4,1.4,2.4,8.4
97,Willie Cauley-Stein,C,28,TOT,20,2,9.2,0.8,1.8,0.457,0.1,0.1,0.5,0.8,1.7,0.455,0.471,0.1,0.1,0.5,0.7,1.4,2,0.5,0.3,0.2,0.4,1,1.7
97,Willie Cauley-Stein,C,28,DAL,18,2,9.8,0.9,1.9,0.457,0.1,0.1,0.5,0.8,1.8,0.455,0.471,0.1,0.1,0.5,0.7,1.4,2.1,0.5,0.3,0.2,0.4,0.9,1.9
97,Willie Cauley-Stein,C,28,PHI,2,0,3,0,0,0,0,0,0,0,0,0,0,0,0,0,0,1,1,0.5,0,0,0,1,0
98,Ahmad Caver,PG,25,IND,1,0,1,1,1,1,0,0,0,1,1,1,1,0,0,0,0,0,0,0,0,0,0,0,2
99,Justin Champagnie,SF,20,TOR,35,0,7.8,0.9,1.9,0.462,0.3,0.7,0.346,0.6,1.1,0.538,0.531,0.3,0.3,1,1.1,0.9,2,0.3,0.2,0.1,0.2,0.9,2.2
100,Zylan Cheatham,SF,26,UTA,1,0,5,0,3,0,0,2,0,0,1,0,0,0,0,0,0,0,0,0,0,0,0,0,0
101,Chris Chiozza,PG,26,GSW,26,1,10.7,0.7,2.5,0.292,0.6,1.7,0.372,0.1,0.8,0.136,0.415,0,0,1,0.3,0.8,1.2,1.8,0.3,0,0.8,0.9,2.1
102,Marquese Chriss,PF,24,DAL,23,0,11.1,2.1,4.4,0.475,0.3,0.9,0.333,1.8,3.5,0.513,0.51,0.5,0.8,0.632,1,2.5,3.5,0.5,0.5,0.4,0.7,2.1,5
103,Josh Christopher,SG,20,HOU,56,2,16.6,2.6,6.1,0.434,0.7,2.3,0.3,1.9,3.8,0.517,0.491,0.9,1.2,0.779,0.7,1.6,2.3,1.8,0.8,0.1,1.4,1.1,6.9
104,Gary Clark,PF,27,NOP,31,1,9.9,0.8,2.2,0.377,0.7,1.9,0.397,0.1,0.4,0.273,0.543,0.2,0.3,0.75,0.5,1.9,2.4,0.4,0.3,0.2,0.2,0.5,2.6
105,Brandon Clarke,PF,25,MEM,51,1,19.3,4.4,6.8,0.645,0.1,0.4,0.2,4.3,6.5,0.672,0.65,1.4,2.1,0.648,2.1,3.4,5.4,1.4,0.5,1,0.5,1.8,10.3
106,Jordan Clarkson,SG,29,UTA,60,1,26.2,5.7,14,0.407,2.5,7.8,0.316,3.2,6.2,0.522,0.495,1.7,2,0.84,0.7,2.6,3.3,2.4,0.8,0.2,1.6,1.9,15.5
107,Nic Claxton,C,22,BRK,30,18,20,3.6,5.7,0.641,0,0,0,3.6,5.7,0.641,0.641,1.2,2,0.574,2,3.3,5.3,0.8,0.5,1.1,0.7,2.1,8.4
108,Amir Coffey,SG,24,LAC,53,20,22.4,2.9,6.4,0.457,1.4,3.6,0.382,1.5,2.8,0.555,0.565,1.5,1.7,0.868,0.4,2.5,2.9,1.7,0.5,0.2,0.6,1.3,8.7
109,John Collins,PF,24,ATL,51,50,31.2,6.5,12,0.536,1.2,3.2,0.38,5.2,8.8,0.592,0.586,2.5,3.2,0.79,1.8,6.1,7.9,1.9,0.6,1.1,1.1,3,16.6
110,Zach Collins,PF,24,SAS,10,1,16.3,2.1,4.4,0.477,0.4,1.2,0.333,1.7,3.2,0.531,0.523,0.7,1,0.7,1.8,3.8,5.6,2,0.7,0.5,2,2.4,5.3
111,Darren Collison,PG,34,LAL,3,0,12.3,0.7,2.3,0.286,0,1,0,0.7,1.3,0.5,0.286,0,0,0,0,1.3,1.3,0.7,0.3,0,0.3,1.7,1.3
112,Mike Conley,PG,34,UTA,56,56,28.3,4.7,10.9,0.432,2.3,5.8,0.403,2.4,5.1,0.465,0.539,1.9,2.3,0.827,0.6,2.5,3.1,5.3,1.3,0.3,1.7,1.9,13.6
113,Pat Connaughton,SG,29,MIL,54,18,27,3.6,7.7,0.467,2.3,5.7,0.407,1.3,2,0.639,0.618,0.6,0.7,0.811,0.7,3.7,4.4,1.2,0.9,0.3,0.6,1.4,10.1
114,Tyler Cook,PF,24,CHI,19,2,10.3,1.2,1.9,0.611,0,0,0,1.2,1.9,0.611,0.611,1.1,1.6,0.645,0.8,1.9,2.7,0.2,0.2,0.2,0.4,1.4,3.4
115,Sharife Cooper,PG,20,ATL,11,0,3.2,0.3,1.3,0.214,0.1,0.5,0.167,0.2,0.7,0.25,0.25,0,0,0,0,0.5,0.5,0.5,0,0,0.5,0.1,0.6
116,Petr Cornelie,PF,26,DEN,13,0,2.9,0.4,1.2,0.333,0.1,0.6,0.125,0.3,0.5,0.571,0.367,0.2,0.3,0.75,0.5,0.5,1.1,0.2,0.1,0.1,0.3,0.5,1.1
117,DeMarcus Cousins,C,31,TOT,30,6,15.7,3.1,6.9,0.442,0.8,2.6,0.299,2.3,4.4,0.527,0.498,2.1,2.7,0.765,1.6,4.5,6.1,1.4,0.9,0.5,1.6,2.9,9
117,DeMarcus Cousins,C,31,MIL,17,5,16.9,3.2,6.9,0.466,0.8,2.8,0.271,2.5,4.1,0.6,0.521,1.8,2.2,0.816,1.4,4.4,5.8,1.1,0.9,0.5,0.9,2.7,9.1
117,DeMarcus Cousins,C,31,DEN,13,1,14.2,2.8,6.9,0.411,0.8,2.2,0.345,2.1,4.7,0.443,0.467,2.4,3.3,0.721,1.8,4.8,6.6,1.8,0.9,0.5,2.5,3.2,8.8
118,Robert Covington,PF-SF,31,TOT,60,40,28,2.7,6.8,0.395,1.6,4.6,0.345,1.1,2.3,0.496,0.511,0.7,0.9,0.83,0.9,4.7,5.6,1.4,1.5,1.3,1.1,2.7,7.7
118,Robert Covington,PF,31,POR,48,40,29.8,2.7,7,0.381,1.6,4.8,0.343,1,2.2,0.462,0.499,0.6,0.8,0.833,0.9,4.9,5.7,1.4,1.5,1.3,1.2,2.8,7.6
118,Robert Covington,SF,31,LAC,12,0,20.8,2.8,6.2,0.459,1.3,3.8,0.356,1.5,2.4,0.621,0.568,1.2,1.4,0.824,1.1,4.3,5.3,1.1,1.3,1.3,0.8,2.3,8.2
119,Torrey Craig,SF,31,TOT,60,14,20.2,2.4,5.5,0.436,0.9,2.9,0.31,1.5,2.7,0.572,0.517,0.6,0.8,0.739,1.1,2.8,4,1.1,0.5,0.4,0.9,1.8,6.3
119,Torrey Craig,SF,31,IND,51,14,20.3,2.5,5.5,0.456,0.9,2.7,0.333,1.6,2.8,0.573,0.537,0.5,0.7,0.771,1.2,2.7,3.8,1.1,0.5,0.4,0.8,1.9,6.5
119,Torrey Craig,SF,31,PHO,9,0,19.6,1.8,5.4,0.327,0.8,3.7,0.212,1,1.8,0.563,0.398,0.8,1.2,0.636,0.9,3.8,4.7,0.9,0.7,0.8,1.3,1.7,5.1
120,Jae Crowder,PF,31,PHO,54,54,28.4,3.3,7.9,0.412,1.9,5.2,0.353,1.4,2.7,0.528,0.529,1.2,1.5,0.805,0.4,4.8,5.3,1.7,1.4,0.4,0.8,2.5,9.6
121,Jarrett Culver,SG,22,MEM,28,0,9.1,1.4,3.5,0.408,0.4,1.2,0.294,1.1,2.3,0.469,0.459,0.4,0.8,0.522,0.4,1,1.4,0.9,0.5,0.1,0.5,1.1,3.6
122,Jarron Cumberland,SG,24,POR,3,0,4,0.3,0.7,0.5,0,0.3,0,0.3,0.3,1,0.5,0,0,0,0.3,0.7,1,0.3,0,0,0,0.7,0.7
123,Cade Cunningham,PG,20,DET,50,50,31.9,6.2,15.5,0.4,1.9,6,0.322,4.3,9.5,0.45,0.463,1.9,2.3,0.842,1,4.8,5.8,5.1,1.2,0.6,3.5,3.1,16.3
124,Seth Curry,SG,31,TOT,54,54,34.3,5.7,11.9,0.483,2.3,5.7,0.41,3.4,6.2,0.55,0.581,1.4,1.6,0.869,0.4,3,3.4,3.9,0.8,0.2,1.8,2.3,15.1
124,Seth Curry,SG,31,PHI,45,45,34.8,5.7,11.7,0.485,2.2,5.6,0.4,3.5,6.2,0.561,0.58,1.4,1.6,0.877,0.4,3,3.4,4,0.8,0.2,1.9,2.2,15
124,Seth Curry,SG,31,BRK,9,9,31.7,5.9,12.4,0.473,2.9,6.3,0.456,3,6.1,0.491,0.589,1,1.2,0.818,0.2,3.2,3.4,3.6,0.6,0.1,1.6,2.6,15.7
125,Stephen Curry,PG,33,GSW,59,59,34.8,8.5,19.6,0.432,4.6,12,0.379,3.9,7.5,0.517,0.548,4.3,4.7,0.918,0.6,4.7,5.2,6.4,1.3,0.4,3.2,2.1,25.8
126,Anthony Davis,C,28,LAL,37,37,35.1,9.2,17.2,0.537,0.3,1.8,0.182,8.9,15.4,0.578,0.546,4.4,6.1,0.709,2.8,6.9,9.7,2.9,1.2,2.3,2.1,2.5,23.1
127,Ed Davis,C,32,CLE,21,3,7.3,0.5,0.7,0.667,0,0,0,0.5,0.7,0.667,0.667,0.2,0.6,0.333,0.5,2,2.4,0.2,0.1,0.4,0.2,1.3,1.1
128,Terence Davis,SG,24,SAC,30,11,17.9,3.8,8.9,0.423,1.6,5,0.329,2.1,3.9,0.542,0.515,1.2,1.5,0.818,0.4,2.8,3.1,1.3,0.8,0.4,1.1,2.3,10.4
129,Gabriel Deck,PF,26,OKC,7,0,8,1.1,2,0.571,0.3,0.6,0.5,0.9,1.4,0.6,0.643,0,0,0,0.1,0.7,0.9,0.7,0.1,0,0.3,0.3,2.6
130,Dewayne Dedmon,C,32,MIA,55,15,16.2,2.5,4.4,0.577,0.3,0.6,0.5,2.2,3.8,0.589,0.61,1.1,1.4,0.795,1.7,4.2,6,0.8,0.4,0.6,1.1,2.5,6.5
131,Sam Dekker,PF,27,TOR,1,0,1,0,0,0,0,0,0,0,0,0,0,0,0,0,0,0,0,0,0,0,0,0,0
132,Javin DeLaurier,C,23,MIL,1,0,3,0,0,0,0,0,0,0,0,0,0,0,0,0,0,1,1,0,1,0,0,1,0
133,DeMar DeRozan,PF,32,CHI,60,60,35.9,10.3,20.2,0.512,0.7,1.8,0.364,9.7,18.3,0.526,0.528,6.8,7.8,0.866,0.8,4.5,5.3,5.1,0.9,0.3,2.4,2.2,28.1
134,Mamadi Diakite,PF,25,OKC,13,3,14.5,1.9,3.6,0.532,0,0.4,0,1.9,3.2,0.595,0.532,0.5,0.8,0.545,1.3,3.2,4.5,0.2,0.4,0.7,0.5,2.5,4.3
135,Cheick Diallo,C,25,DET,3,0,10.3,1,2.7,0.375,0,0,0,1,2.7,0.375,0.375,1.7,2,0.833,1.3,2.7,4,0,0.3,0,0.3,2,3.7
136,Hamidou Diallo,SG,23,DET,57,29,22,4.5,9.1,0.494,0.4,1.6,0.247,4.1,7.5,0.548,0.516,1.6,2.5,0.65,1.2,3.6,4.8,1.3,1.2,0.3,1,2.5,11
137,Gorgui Dieng,C,32,ATL,40,3,8.9,1.3,2.6,0.481,0.7,1.5,0.433,0.6,1.1,0.545,0.606,0.4,0.6,0.708,0.8,2.1,2.9,0.8,0.3,0.3,0.5,1.2,3.6
138,Spencer Dinwiddie,PG,28,TOT,51,45,30,4.5,11.2,0.402,1.6,5,0.322,2.9,6.2,0.467,0.474,2.7,3.4,0.792,0.7,3.6,4.4,5.7,0.6,0.2,1.6,2.4,13.3
138,Spencer Dinwiddie,PG,28,WAS,44,44,30.2,4.2,11.2,0.376,1.6,5.1,0.31,2.6,6,0.432,0.447,2.6,3.3,0.811,0.8,3.9,4.7,5.8,0.6,0.2,1.7,2.4,12.6
138,Spencer Dinwiddie,PG,28,DAL,7,1,28.6,6.4,11.4,0.563,1.7,4.1,0.414,4.7,7.3,0.647,0.638,3,4.3,0.7,0.1,2.1,2.3,5.1,0.6,0.1,1.4,2,17.6
139,Donte DiVincenzo,SG,25,TOT,26,0,21.8,2.5,7.3,0.335,1.4,4.7,0.301,1,2.6,0.397,0.432,1.4,1.6,0.857,1,2.8,3.9,2.3,1,0.2,1.5,1.6,7.7
139,Donte DiVincenzo,SG,25,MIL,17,0,20.1,2.3,6.9,0.331,1.2,4.4,0.284,1.1,2.6,0.409,0.419,1.4,1.6,0.852,1.1,2.5,3.5,1.7,0.6,0.2,1.6,1.5,7.2
139,Donte DiVincenzo,SG,25,SAC,9,0,25,2.8,8.1,0.342,1.8,5.4,0.327,1,2.7,0.375,0.452,1.4,1.7,0.867,1,3.6,4.6,3.3,1.7,0.1,1.3,1.8,8.8
140,Luka Don?i?,PG,22,DAL,48,48,35.6,9.8,21.8,0.45,2.8,8.3,0.332,7,13.5,0.522,0.513,5.5,7.4,0.739,0.9,8.3,9.2,8.8,1.2,0.5,4.6,2.4,27.8
141,Luguentz Dort,SF,22,OKC,51,51,32.6,5.7,14.2,0.404,2.5,7.7,0.332,3.2,6.6,0.487,0.493,3.2,3.7,0.843,0.7,3.4,4.2,1.7,0.9,0.4,1.7,2.9,17.2
142,Ayo Dosunmu,SG,22,CHI,59,25,26.5,3.4,6.4,0.528,0.9,2.3,0.404,2.4,4.1,0.598,0.601,0.7,1.1,0.677,0.3,2.5,2.8,3.2,0.7,0.4,1.3,2.3,8.4
143,Damyean Dotson,SG,27,NYK,2,0,10.5,1,2,0.5,0,0.5,0,1,1.5,0.667,0.5,0,0,0,0,1,1,0.5,0,0,0,0,2
144,Devon Dotson,PG,22,CHI,11,0,7.7,1,2.1,0.478,0.2,0.8,0.222,0.8,1.3,0.643,0.522,0.5,0.8,0.556,0.1,0.7,0.8,1.4,0.1,0,0.5,1,2.6
145,Sekou Doumbouya,PF,21,LAL,2,0,8,2.5,4,0.625,0.5,1,0.5,2,3,0.667,0.688,1.5,2,0.75,1,2,3,0,1.5,1,1,0.5,7
146,Jeff Dowtin,PG,24,TOT,5,0,6.2,0.6,1.4,0.429,0,0.4,0,0.6,1,0.6,0.429,0,0,0,0.2,1.2,1.4,0.6,0,0.2,0.2,0.4,1.2
146,Jeff Dowtin,PG,24,GSW,4,0,7,0.8,1.5,0.5,0,0.3,0,0.8,1.3,0.6,0.5,0,0,0,0.3,1.5,1.8,0.8,0,0.3,0.3,0.5,1.5
146,Jeff Dowtin,PG,24,MIL,1,0,3,0,1,0,0,1,0,0,0,0,0,0,0,0,0,0,0,0,0,0,0,0,0
147,PJ Dozier,SG,25,DEN,18,0,18.9,2,5.5,0.364,0.8,2.7,0.313,1.2,2.8,0.412,0.439,0.6,0.7,0.769,0.8,2.7,3.5,1.6,0.6,0.3,0.7,1.8,5.4
148,Goran Dragi?,PG,35,TOT,10,3,18.6,2.6,6.9,0.377,0.8,2.5,0.32,1.8,4.4,0.409,0.435,1.8,2.3,0.783,0.7,2.2,2.9,2.6,0.6,0.1,0.7,2.1,7.8
148,Goran Dragi?,PG,35,TOR,5,2,18,2.6,6.8,0.382,0.8,2.8,0.286,1.8,4,0.45,0.441,2,2,1,0.4,2.4,2.8,1.8,1,0.2,0.2,1.6,8
148,Goran Dragi?,PG,35,BRK,5,1,19.2,2.6,7,0.371,0.8,2.2,0.364,1.8,4.8,0.375,0.429,1.6,2.6,0.615,1,2,3,3.4,0.2,0,1.2,2.6,7.6
149,Andre Drummond,C,28,TOT,57,20,18.7,2.8,5.1,0.545,0,0.1,0,2.8,5.1,0.55,0.545,0.9,1.9,0.5,2.8,6,8.8,2,1.1,0.9,1.6,2.5,6.5
149,Andre Drummond,C,28,PHI,49,12,18.4,2.6,4.9,0.538,0,0,0,2.6,4.8,0.542,0.538,0.9,1.7,0.512,2.8,6.1,8.8,2,1.1,0.9,1.6,2.5,6.1
149,Andre Drummond,C,28,BRK,8,8,20.8,3.9,6.8,0.574,0,0.1,0,3.9,6.6,0.585,0.574,1.4,3,0.458,3,5.9,8.9,2.1,0.9,0.6,1.8,2.8,9.1
150,Chris Duarte,SG,24,IND,52,38,28.3,4.9,11.4,0.434,1.7,4.7,0.365,3.2,6.7,0.483,0.509,1.7,2.1,0.796,0.7,3.4,4.1,2.2,1.1,0.2,1.7,1.7,13.3
151,David Duke Jr.,PG,22,BRK,21,7,16.2,1.9,5.1,0.361,0.4,1.8,0.243,1.4,3.4,0.423,0.403,0.8,1,0.81,1.4,1.8,3.2,0.8,0.7,0.3,0.4,1.7,5
152,Kevin Durant,PF,33,BRK,38,38,36.5,10.6,20.3,0.52,1.9,5.2,0.372,8.6,15.1,0.57,0.567,6.5,7.2,0.898,0.6,6.7,7.3,5.8,0.8,1,3.1,1.9,29.5
153,Jaime Echenique,C,24,WAS,1,0,3,0,0,0,0,0,0,0,0,0,0,0,0,0,0,0,0,0,0,0,0,0,0
154,Anthony Edwards,SG,20,MIN,56,56,34.6,7.6,17.7,0.432,2.9,8.5,0.347,4.7,9.2,0.512,0.516,3.1,4.1,0.768,0.9,3.8,4.7,3.7,1.5,0.7,2.8,2.3,21.4
155,Kessler Edwards,SF,21,BRK,32,20,23.4,2.4,6.1,0.398,1.1,3.2,0.347,1.3,3,0.453,0.487,0.3,0.4,0.833,1,3.1,4.1,0.7,0.7,0.5,1.1,1.9,6.3
156,Rob Edwards,SG,25,OKC,2,0,5.5,0.5,2,0.25,0.5,2,0.25,0,0,0,0.375,0,0,0,0,1.5,1.5,0,0,0,0.5,0,1.5
157,CJ Elleby,SF,21,POR,39,11,16.4,1.7,4.5,0.385,0.5,1.8,0.25,1.3,2.6,0.48,0.437,0.8,1.1,0.756,0.9,2.3,3.2,1.2,0.6,0.3,0.7,1.8,4.7
158,Wayne Ellington,SG,34,LAL,37,9,18.6,2.2,5.4,0.407,1.9,4.8,0.391,0.3,0.5,0.55,0.583,0.1,0.1,0.8,0.2,1.5,1.7,0.6,0.5,0.1,0.4,1,6.4
159,Joel Embiid,C,27,PHI,51,51,33.1,9.3,19,0.49,1.3,3.7,0.351,8,15.2,0.524,0.525,9.6,11.6,0.822,1.9,9.2,11.2,4.4,1.1,1.4,3,2.7,29.5
160,James Ennis III,SF,31,TOT,7,0,8,1.6,3.4,0.458,0.4,1.1,0.375,1.1,2.3,0.5,0.521,0.6,0.7,0.8,0.7,1,1.7,0.4,0.3,0.3,0.3,0.7,4.1
160,James Ennis III,SF,31,BRK,2,0,7,1,3.5,0.286,0.5,1,0.5,0.5,2.5,0.2,0.357,0,0,0,1,1.5,2.5,0,0.5,0.5,0,0,2.5
160,James Ennis III,SF,31,LAC,2,0,14,3.5,5.5,0.636,1,2,0.5,2.5,3.5,0.714,0.727,2,2,1,1,1.5,2.5,0,0.5,0.5,0.5,2,10
160,James Ennis III,SF,31,DEN,3,0,4.7,0.7,2,0.333,0,0.7,0,0.7,1.3,0.5,0.333,0,0.3,0,0.3,0.3,0.7,1,0,0,0.3,0.3,1.3
161,Drew Eubanks,C,24,TOT,53,13,13,1.9,3.5,0.557,0,0.2,0.125,1.9,3.3,0.577,0.56,1.2,1.6,0.744,1.4,2.9,4.3,1,0.3,0.6,1,1.4,5.1
161,Drew Eubanks,C,24,SAS,49,9,12.1,1.7,3.2,0.528,0,0.2,0.125,1.7,3.1,0.55,0.531,1.2,1.6,0.747,1.3,2.7,4,1,0.3,0.6,0.9,1.2,4.7
161,Drew Eubanks,C,24,POR,4,4,24,4.5,6,0.75,0,0,0,4.5,6,0.75,0.75,1.3,1.8,0.714,2.5,5.3,7.8,1,0.5,0,1.8,3.3,10.3
162,Tacko Fall,C,26,CLE,11,1,5.4,0.5,1.1,0.417,0,0,0,0.5,1.1,0.417,0.417,0.2,0.6,0.286,0.6,1.5,2.1,0.2,0,0.5,0.3,0.3,1.1
163,Derrick Favors,C,30,OKC,39,18,16.7,2.4,4.7,0.516,0.1,0.4,0.125,2.4,4.3,0.554,0.522,0.4,0.6,0.64,1.5,3.2,4.7,0.6,0.4,0.3,0.2,1.6,5.3
164,Bruno Fernando,C,23,TOT,22,0,3.2,0.5,1,0.5,0,0.1,0.5,0.5,0.9,0.5,0.523,0.3,0.4,0.75,0.5,0.5,1,0.2,0,0.1,0.3,0.4,1.3
164,Bruno Fernando,C,23,BOS,20,0,2.9,0.4,0.7,0.5,0.1,0.1,1,0.3,0.7,0.462,0.536,0.2,0.3,0.8,0.4,0.4,0.8,0.2,0,0.2,0.3,0.3,1
164,Bruno Fernando,C,23,HOU,2,0,6.5,2,4,0.5,0,0.5,0,2,3.5,0.571,0.5,1,1.5,0.667,1.5,1.5,3,0,0,0,1,1,5
165,Dorian Finney-Smith,PF,28,DAL,63,63,33,3.9,8.5,0.454,2,5.2,0.384,1.9,3.3,0.565,0.572,0.8,1.1,0.676,1.6,3.3,4.9,1.9,1.2,0.5,1.1,2.3,10.5
166,Malik Fitts,PF,24,TOT,8,0,4.8,0.3,1.3,0.2,0.3,0.6,0.4,0,0.6,0,0.3,0,0,0,0,1.4,1.4,0,0,0,0.3,0.4,0.8
166,Malik Fitts,PF,24,UTA,7,0,5,0.3,1.3,0.222,0.3,0.6,0.5,0,0.7,0,0.333,0,0,0,0,1.4,1.4,0,0,0,0.3,0.4,0.9
166,Malik Fitts,PF,24,BOS,1,0,3,0,1,0,0,1,0,0,0,0,0,0,0,0,0,1,1,0,0,0,0,0,0
167,Malachi Flynn,PG,23,TOR,40,5,12,1.7,4.1,0.407,0.7,2,0.333,1,2,0.481,0.491,0.4,0.6,0.609,0.2,1.2,1.4,1.6,0.5,0.1,0.3,1.1,4.3
168,Bryn Forbes,SG,28,TOT,61,1,18,3.4,7.7,0.439,1.7,4,0.426,1.7,3.7,0.452,0.549,1.1,1.2,0.892,0.1,1.3,1.4,1.1,0.4,0.1,0.9,1.3,9.6
168,Bryn Forbes,SG,28,SAS,40,1,16.9,3.2,7.4,0.432,1.6,3.8,0.417,1.6,3.6,0.448,0.539,1.1,1.2,0.898,0.1,1.5,1.6,1,0.4,0.1,0.8,1.1,9.1
168,Bryn Forbes,SG,28,DEN,21,0,20.2,3.8,8.4,0.449,2,4.4,0.441,1.8,4,0.458,0.565,1,1.2,0.88,0.1,0.9,1,1.1,0.2,0.1,0.9,1.7,10.5
169,Aleem Ford,SF,24,ORL,5,0,14.8,1.2,4,0.3,0.4,3,0.133,0.8,1,0.8,0.35,0,0,0,0.4,2.6,3,0.4,0.2,0,0.8,1.4,2.8
170,Trent Forrest,PG,23,UTA,51,5,12.6,1.2,2.4,0.521,0.1,0.4,0.238,1.1,2,0.58,0.541,0.6,0.8,0.821,0.4,1.3,1.7,1.7,0.5,0.1,0.9,0.8,3.2
171,Evan Fournier,SG,29,NYK,62,62,29.8,5.2,12.3,0.421,3,7.6,0.392,2.2,4.7,0.468,0.542,1,1.5,0.692,0.5,2.3,2.8,1.8,0.9,0.3,1.3,2.1,14.3
172,De'Aaron Fox,PG,24,SAC,54,54,34.9,8.5,18,0.472,1.1,3.9,0.278,7.4,14.1,0.525,0.502,4.5,6,0.748,0.4,3.4,3.8,5.4,1.1,0.4,2.7,2.9,22.5
173,Tim Frazier,PG,31,TOT,12,3,17.3,1.2,3.8,0.311,0.5,1.4,0.353,0.7,2.3,0.286,0.378,0.4,0.8,0.556,0.4,1.2,1.6,2.8,0.3,0.1,1.3,2.3,3.3
173,Tim Frazier,PG,31,ORL,10,3,20,1.3,4.3,0.302,0.6,1.7,0.353,0.7,2.6,0.269,0.372,0.5,0.9,0.556,0.5,1.4,1.9,3.3,0.3,0.1,1.3,2.4,3.7
173,Tim Frazier,PG,31,CLE,2,0,4,0.5,1,0.5,0,0,0,0.5,1,0.5,0.5,0,0,0,0,0,0,0.5,0,0,1,1.5,1
174,Enes Freedom,C,29,BOS,35,1,11.7,1.5,2.8,0.526,0.1,0.1,0.4,1.4,2.6,0.533,0.536,0.7,0.8,0.857,1.7,2.8,4.6,0.2,0.1,0.4,0.6,1.2,3.7
175,Markelle Fultz,PG,23,ORL,3,0,16.7,4,7,0.571,0,0.7,0,4,6.3,0.632,0.571,1,1,1,0.7,1.7,2.3,3.7,0.3,0.3,1.7,1.3,9
176,Wenyen Gabriel,PF,24,TOT,8,0,6.4,0.8,2,0.375,0.4,0.9,0.429,0.4,1.1,0.333,0.469,0.3,0.5,0.5,0.9,1.4,2.3,0.3,0.1,0.3,0.4,1.4,2.1
176,Wenyen Gabriel,PF,24,BRK,1,0,1,0,0,0,0,0,0,0,0,0,0,0,0,0,0,1,1,0,0,0,0,0,0
176,Wenyen Gabriel,PF,24,LAC,6,0,7.7,0.8,2.2,0.385,0.3,0.8,0.4,0.5,1.3,0.375,0.462,0.3,0.7,0.5,0.8,1.5,2.3,0.3,0.2,0.3,0.5,1.8,2.3
176,Wenyen Gabriel,PF,24,LAL,1,0,4,1,3,0.333,1,2,0.5,0,1,0,0.5,0,0,0,2,1,3,0,0,0,0,0,3
177,Daniel Gafford,C,23,WAS,54,50,20.5,3.9,5.7,0.684,0,0,0,3.9,5.7,0.684,0.684,1.3,1.8,0.719,2.3,3.6,5.9,1,0.4,1.5,0.9,2.4,9.1
178,Danilo Gallinari,PF,33,ATL,52,9,24.2,3.4,8.2,0.416,1.6,4.1,0.383,1.8,4.1,0.449,0.512,2.3,2.6,0.903,0.6,4,4.5,1.3,0.5,0.2,0.6,1.5,10.8
179,Langston Galloway,SG,30,TOT,7,0,15.3,0.9,3.7,0.231,0.3,2.3,0.125,0.6,1.4,0.4,0.269,0,0,0,0.4,2.1,2.6,1.7,0.1,0,0.9,1,2
179,Langston Galloway,SG,30,BRK,4,0,14.5,1.3,3.3,0.385,0.5,2,0.25,0.8,1.3,0.6,0.462,0,0,0,0.3,1.8,2,1.3,0,0,1.3,1.3,3
179,Langston Galloway,SG,30,MIL,3,0,16.3,0.3,4.3,0.077,0,2.7,0,0.3,1.7,0.2,0.077,0,0,0,0.7,2.7,3.3,2.3,0.3,0,0.3,0.7,0.7
180,Darius Garland,PG,22,CLE,50,50,34.7,7.9,16.4,0.478,2.6,6.9,0.382,5.2,9.6,0.547,0.558,2.2,2.5,0.903,0.5,2.8,3.3,8.1,1.2,0.1,3.9,1.8,20.6
181,Marcus Garrett,SG,23,MIA,12,0,10.7,0.4,1.8,0.238,0.1,0.3,0.25,0.3,1.4,0.235,0.262,0.2,0.4,0.4,0.8,1.2,1.9,0.6,0.4,0.3,0.2,1.3,1.1
182,Usman Garuba,PF,19,HOU,15,0,7,0.5,1.6,0.333,0.1,0.9,0.154,0.4,0.7,0.545,0.375,0.1,0.1,0.5,0.6,1.7,2.3,0.5,0.5,0.4,0.2,0.6,1.3
183,Luka Garza,C,23,DET,29,5,11.7,1.9,4.3,0.444,0.5,1.4,0.341,1.4,2.9,0.494,0.5,0.9,1.4,0.643,1.7,1.3,3,0.6,0.3,0.1,0.6,1.7,5.2
184,Rudy Gay,PF,35,UTA,39,1,19.2,2.8,7.1,0.396,1.3,4,0.323,1.5,3.2,0.488,0.486,1.4,1.8,0.783,1,3.5,4.5,1.1,0.5,0.3,0.8,1.8,8.3
185,Paul George,SF,31,LAC,26,26,35.5,9,21.4,0.421,2.7,8.3,0.323,6.3,13,0.484,0.484,4,4.5,0.88,0.4,6.7,7.1,5.5,2,0.4,4.2,2.5,24.7
186,Taj Gibson,C,36,NYK,40,4,18.2,1.6,3,0.525,0.2,0.6,0.364,1.4,2.4,0.563,0.559,0.7,0.9,0.765,1.7,2.8,4.5,0.7,0.4,0.8,0.6,2.7,4
187,Josh Giddey,SG,19,OKC,54,54,31.5,5.2,12.4,0.419,1,3.9,0.263,4.2,8.5,0.492,0.461,1,1.5,0.709,1.8,6,7.8,6.4,0.9,0.4,3.2,1.6,12.5
188,Shai Gilgeous-Alexander,PG,23,OKC,49,49,34.6,8.3,18.7,0.444,1.6,5.4,0.286,6.8,13.3,0.508,0.485,5.8,7.2,0.808,0.7,4.2,4.9,5.6,1.2,0.8,2.7,2.4,24
189,Anthony Gill,PF,29,WAS,29,0,8.6,1.2,2,0.61,0.3,0.5,0.643,0.9,1.6,0.6,0.686,0.8,1.1,0.71,0.7,0.8,1.5,0.5,0.1,0.2,0.4,1.4,3.6
190,Freddie Gillespie,PF,24,ORL,9,2,13.2,1,2.4,0.409,0,0.1,0,1,2.3,0.429,0.409,0.3,0.8,0.429,1.4,2.6,4,0.6,0.3,1,0.6,2,2.3
191,Rudy Gobert,C,29,UTA,49,49,32.1,5.7,8,0.711,0,0,0,5.7,7.9,0.715,0.711,4.3,6.3,0.682,3.7,11.2,14.8,1.2,0.7,2.2,1.8,2.6,15.7
192,Brandon Goodwin,PG,26,CLE,22,5,17.3,2.2,5.7,0.392,0.7,2.2,0.333,1.5,3.5,0.429,0.456,0.6,1,0.619,0.5,2,2.6,3.7,1,0,1.1,1.5,5.8
193,Jordan Goodwin,SG,23,WAS,2,0,3,0,1.5,0,0,0.5,0,0,1,0,0,0,0,0,0,0.5,0.5,0,0,0,0,0.5,0
194,Aaron Gordon,PF,26,DEN,59,59,31.7,5.7,11,0.518,1.1,3.5,0.322,4.6,7.5,0.61,0.569,2.2,3,0.727,1.6,4.1,5.7,2.5,0.7,0.5,1.8,1.9,14.7
195,Eric Gordon,SG,33,HOU,52,41,29.6,4.9,10.3,0.475,2.2,5.4,0.411,2.7,4.9,0.545,0.583,1.9,2.5,0.766,0.3,1.8,2,2.8,0.5,0.3,2,1.1,13.9
196,Devonte' Graham,PG,26,NOP,60,54,29.9,4.1,11.5,0.36,2.7,7.9,0.344,1.4,3.6,0.397,0.479,1.6,2,0.831,0.5,2,2.5,4.3,0.9,0.2,1.5,1.4,12.6
197,Jerami Grant,PF,27,DET,39,39,32.2,6.3,15,0.417,1.8,5.3,0.337,4.5,9.7,0.461,0.476,4.7,5.6,0.843,0.7,3.4,4.1,2.6,0.9,1.1,1.9,2.3,19
198,Hassani Gravett,PG,25,ORL,8,3,21.4,2.3,4.8,0.474,1.4,3.3,0.423,0.9,1.5,0.583,0.618,0.4,0.5,0.75,0.1,2.5,2.6,2.5,0.6,0.1,1.1,1.6,6.3
199,Danny Green,SF,34,PHI,45,25,22.5,2.1,5.4,0.395,1.7,4.5,0.373,0.4,0.9,0.513,0.551,0.2,0.2,0.9,0.5,1.9,2.4,1,1,0.6,0.8,1.8,6.2
200,Draymond Green,PF,31,GSW,34,34,29.9,3.2,5.9,0.537,0.4,1.2,0.286,2.8,4.7,0.604,0.567,1.2,2,0.597,1.1,6.4,7.6,7.4,1.4,1.2,3.1,2.8,7.9
201,Jalen Green,SG,19,HOU,49,49,31.1,5.2,13.1,0.4,2,6.4,0.312,3.2,6.7,0.485,0.477,2.8,3.5,0.797,0.5,2.8,3.3,2.5,0.7,0.2,2.1,1.5,15.3
202,JaMychal Green,PF,31,DEN,51,7,15.6,2.5,5.2,0.475,0.6,2.1,0.275,1.9,3.1,0.615,0.532,1.3,1.5,0.88,1.2,3,4.1,0.9,0.7,0.4,0.9,2.3,6.8
203,Javonte Green,SF,28,CHI,47,35,24.2,2.9,5.2,0.549,0.6,1.6,0.356,2.3,3.6,0.632,0.602,1.4,1.6,0.831,1.5,2.7,4.2,1,0.9,0.6,0.5,2.1,7.6
204,Jeff Green,C,35,DEN,60,48,24.6,3.7,7.3,0.505,0.7,2.4,0.31,2.9,4.9,0.599,0.555,2.2,2.6,0.842,0.5,2.6,3.1,1.3,0.3,0.4,1,2.1,10.3
205,Josh Green,SG,21,DAL,49,2,14.6,1.8,3.5,0.517,0.3,0.9,0.349,1.5,2.6,0.574,0.561,0.6,0.8,0.692,0.8,1.6,2.4,1.3,0.6,0.2,0.5,1.7,4.5
206,Blake Griffin,PF,32,BRK,51,24,17.8,2.5,5.9,0.42,0.6,2.7,0.243,1.8,3.2,0.567,0.475,1,1.4,0.722,1.1,3.1,4.2,1.9,0.5,0.3,0.5,1.7,6.6
207,Quentin Grimes,SG,21,NYK,40,6,17.4,2.2,5.2,0.421,1.7,4.2,0.398,0.6,1.1,0.512,0.579,0.3,0.4,0.647,0.6,1.4,1.9,1,0.7,0.3,0.6,1.5,6.3
208,Kyle Guy,SG,24,MIA,17,0,10.6,1.5,3.6,0.419,0.8,2.2,0.378,0.7,1.5,0.48,0.532,0.5,0.7,0.667,0.1,0.6,0.8,1,0.4,0.1,0.8,0.7,4.4
209,Rui Hachimura,PF,23,WAS,23,0,18.9,3.4,7.3,0.467,1.2,2.3,0.519,2.2,5,0.443,0.55,1.1,1.4,0.781,0.3,2.7,3.1,1,0.6,0.2,0.7,1.2,9.2
210,Tyrese Haliburton,SG-PG,21,TOT,61,61,35,5.4,11.7,0.464,2.1,5.2,0.411,3.3,6.5,0.508,0.556,1.9,2.3,0.831,0.7,3.4,4.1,7.8,1.8,0.7,2.5,1.5,15
210,Tyrese Haliburton,SG,21,SAC,51,51,34.5,5.3,11.5,0.457,2,4.9,0.413,3.2,6.5,0.491,0.546,1.7,2,0.837,0.8,3.1,3.9,7.4,1.7,0.7,2.3,1.4,14.3
210,Tyrese Haliburton,PG,21,IND,10,10,37.9,6.4,12.9,0.496,2.7,6.7,0.403,3.7,6.2,0.597,0.601,3.1,3.8,0.816,0.4,4.6,5,9.5,2.1,0.6,3.7,1.9,18.6
211,Tyler Hall,SG,24,NYK,1,0,2,0,0,0,0,0,0,0,0,0,0,0,0,0,0,0,0,0,0,0,0,0,0
212,R.J. Hampton,SG,20,ORL,47,2,19.8,2.6,6.8,0.384,1,2.6,0.366,1.6,4.1,0.395,0.454,1.2,1.9,0.611,0.3,2.6,2.9,2.3,0.7,0.3,1.3,1.5,7.3
213,Tim Hardaway Jr.,SG,29,DAL,42,20,29.6,5,12.6,0.394,2.4,7.2,0.336,2.5,5.4,0.473,0.491,1.9,2.5,0.757,0.3,3.4,3.7,2.2,0.9,0.1,0.8,1.8,14.2
214,James Harden,PG-SG,32,TOT,48,48,36.9,6.7,15.7,0.425,2.4,6.9,0.344,4.3,8.8,0.488,0.501,7.1,8.1,0.872,0.9,7,7.9,10.3,1.3,0.6,4.6,2.5,22.9
214,James Harden,PG,32,BRK,44,44,37,6.6,16,0.414,2.3,7,0.332,4.3,9.1,0.476,0.486,6.9,8,0.869,1,7,8,10.2,1.3,0.7,4.8,2.4,22.5
214,James Harden,SG,32,PHI,4,4,36.5,7.3,12.3,0.592,3,6,0.5,4.3,6.3,0.68,0.714,9.3,10.3,0.902,0.3,7.3,7.5,12,1.5,0,2.8,3.8,26.8
215,Maurice Harkless,SF,28,SAC,43,24,19.6,1.9,4.2,0.459,0.7,2.3,0.307,1.2,1.9,0.65,0.544,0.5,0.7,0.714,0.3,2.2,2.5,0.5,0.6,0.6,0.7,1.7,5
216,Jared Harper,PG,24,NOP,2,0,5,1.5,3.5,0.429,0.5,1,0.5,1,2.5,0.4,0.5,0,0,0,0.5,0,0.5,1.5,0,0.5,0.5,1,3.5
217,Montrezl Harrell,C,28,TOT,55,3,24.6,5.4,8.5,0.635,0.1,0.3,0.25,5.3,8.2,0.649,0.639,3.3,4.6,0.708,2.2,4.6,6.8,2.1,0.4,0.7,1.1,2,14.1
217,Montrezl Harrell,C,28,WAS,46,3,24.3,5.4,8.3,0.645,0.1,0.3,0.267,5.3,8,0.66,0.65,3.2,4.5,0.727,2.1,4.6,6.7,2.1,0.4,0.7,1.1,1.9,14.1
217,Montrezl Harrell,C,28,CHO,9,0,26,5.4,9.2,0.59,0,0.1,0,5.4,9.1,0.598,0.59,3.3,5.3,0.625,2.8,4.3,7.1,1.9,0.3,0.6,1,2.3,14.2
218,Gary Harris,SG,27,ORL,56,30,28.8,4,9.2,0.435,1.9,5,0.381,2.1,4.2,0.498,0.538,1.4,1.6,0.865,0.6,1.4,2,1.9,0.9,0.1,1,1.8,11.3
219,Joe Harris,SF,30,BRK,14,14,30.2,4,8.9,0.452,2.9,6.3,0.466,1.1,2.6,0.417,0.617,0.4,0.4,0.833,0.4,3.6,4,1,0.5,0.1,1.1,2.2,11.3
220,Tobias Harris,PF,29,PHI,54,54,35.2,7,14.7,0.477,1.2,3.5,0.34,5.9,11.3,0.52,0.518,2.8,3.3,0.86,1.1,6.1,7.1,3.5,0.6,0.7,1.7,2.1,18.1
221,Shaquille Harrison,SG,28,BRK,2,0,11.5,1,3,0.333,0,1,0,1,2,0.5,0.333,0,0,0,0.5,1.5,2,1.5,0.5,0.5,1,1.5,2
222,Josh Hart,SG-SF,26,TOT,47,46,33.3,4.9,9.7,0.504,1.1,3.5,0.325,3.8,6.2,0.606,0.563,2.9,3.9,0.753,1.2,6.2,7.4,4.1,1.1,0.3,2.1,2.9,13.9
222,Josh Hart,SG,26,NOP,41,40,33.5,4.8,9.4,0.505,1,3.2,0.323,3.7,6.2,0.598,0.56,2.8,3.8,0.753,1.3,6.5,7.8,4.1,1.1,0.3,2,2.9,13.4
222,Josh Hart,SF,26,POR,6,6,31.8,6,12,0.5,2,6,0.333,4,6,0.667,0.583,3.5,4.7,0.75,0.7,4.5,5.2,4.2,1.2,0.3,3.3,2.8,17.5
223,Isaiah Hartenstein,C,23,LAC,52,0,16.6,3.3,5.2,0.632,0.1,0.2,0.417,3.2,4.9,0.642,0.641,1.1,1.8,0.624,1.6,2.9,4.5,2,0.7,1.2,1.2,2.5,7.8
224,Udonis Haslem,C,41,MIA,9,0,6.3,1.2,2.4,0.5,0.1,0.2,0.5,1.1,2.2,0.5,0.523,0.3,0.3,1,0.4,1.6,2,0.3,0.1,0.1,0.3,1.2,2.9
225,Sam Hauser,SF,24,BOS,13,0,4.8,0.6,1.6,0.381,0.6,1.6,0.381,0,0,0,0.571,0,0,0,0.1,0.5,0.6,0.3,0.1,0.1,0.1,0.3,1.8
226,Jaxson Hayes,C,21,NOP,52,10,17.8,3.3,5.1,0.649,0.2,0.5,0.286,3.2,4.6,0.692,0.664,1.9,2.5,0.767,1.5,2.7,4.2,0.6,0.4,0.8,0.8,2.3,8.7
227,Killian Hayes,PG,20,DET,52,33,24.3,2.2,6.3,0.354,0.6,2.4,0.258,1.6,3.9,0.413,0.403,0.8,1.1,0.786,0.6,2.5,3,4.1,1.1,0.5,1.7,2.7,5.9
228,Gordon Hayward,SF,31,CHO,48,48,32.2,5.9,12.7,0.46,1.8,4.5,0.39,4.1,8.2,0.499,0.529,2.6,3.1,0.846,0.8,3.8,4.6,3.6,1,0.5,1.7,1.8,16.1
229,Aaron Henry,SF,22,PHI,6,0,2.8,0.2,0.8,0.2,0,0.2,0,0.2,0.7,0.25,0.2,0,0,0,0,0.2,0.2,0,0,0.3,0.3,0.3,0.3
230,Juancho Hernang mez,PF,26,TOT,26,0,6.2,0.3,1.3,0.229,0.2,0.9,0.174,0.2,0.5,0.333,0.286,0.4,0.7,0.647,0.5,1,1.5,0.3,0.2,0.1,0.3,0.3,1.2
230,Juancho Hernang mez,PF,26,BOS,18,0,5.3,0.3,1.5,0.185,0.2,1,0.167,0.1,0.5,0.222,0.241,0.3,0.5,0.667,0.5,0.9,1.4,0.2,0.2,0.1,0.3,0.4,1.1
230,Juancho Hernang mez,PF,26,SAS,5,0,10.2,0.4,1.2,0.333,0,0.6,0,0.4,0.6,0.667,0.333,0.6,0.8,0.75,0.8,2.2,3,0.6,0.2,0.2,0.4,0,1.4
230,Juancho Hernang mez,PF,26,UTA,3,0,4.3,0.3,0.7,0.5,0.3,0.7,0.5,0,0,0,0.75,0.7,1.3,0.5,0,0,0,0.3,0,0,0.3,0.3,1.7
231,Willy Hernang mez,C,27,NOP,35,6,16,3.3,6.3,0.525,0.1,0.2,0.375,3.2,6,0.531,0.532,1.9,2.6,0.739,2.7,4,6.7,1.2,0.4,0.4,0.9,1.9,8.6
232,Tyler Herro,SG,22,MIA,52,10,32.8,7.6,17.3,0.438,2.6,6.7,0.381,5,10.6,0.474,0.512,2.8,3.3,0.865,0.5,4.3,4.9,4,0.7,0.2,2.7,1.5,20.6
233,Buddy Hield,SG,29,TOT,65,16,30.3,5.3,13.3,0.398,3.3,9,0.363,2,4.3,0.471,0.521,1.4,1.6,0.875,0.8,3.5,4.3,2.4,0.9,0.3,1.7,2.1,15.3
233,Buddy Hield,SG,29,SAC,55,6,28.6,4.8,12.6,0.382,3.3,9,0.368,1.5,3.6,0.419,0.514,1.5,1.7,0.87,0.8,3.2,4,1.9,0.9,0.3,1.6,2.1,14.4
233,Buddy Hield,SG,29,IND,10,10,39.3,7.9,17.1,0.462,3.1,9.1,0.341,4.8,8,0.6,0.553,1.1,1.2,0.917,0.7,5.2,5.9,5.4,0.8,0.3,2.1,2.5,20
234,Haywood Highsmith,SF,25,MIA,9,0,10,0.9,2.6,0.348,0.7,1.7,0.4,0.2,0.9,0.25,0.478,0.2,0.4,0.5,0.6,1,1.6,0,0.1,0.2,0.1,0.8,2.7
235,George Hill,SG,35,MIL,41,16,25.5,2.5,5.7,0.436,0.9,2.9,0.316,1.6,2.9,0.556,0.515,1.2,1.2,0.96,0.9,2.4,3.2,2.5,0.8,0.1,0.9,1.4,7
236,Malcolm Hill,SF-SG,26,TOT,17,0,11.6,1.4,2.9,0.469,0.8,2,0.382,0.6,0.9,0.667,0.602,0.6,0.8,0.786,0.6,1.2,1.9,0.3,0.4,0.2,0.1,1.3,4.1
236,Malcolm Hill,SG,26,ATL,3,0,15.3,1.7,2.7,0.625,1,1.7,0.6,0.7,1,0.667,0.813,1.3,1.3,1,0.7,1.3,2,0.3,1.3,0.3,0,2.3,5.7
236,Malcolm Hill,SF,26,CHI,14,0,10.8,1.3,2.9,0.439,0.7,2.1,0.345,0.6,0.9,0.667,0.561,0.5,0.7,0.7,0.6,1.2,1.9,0.3,0.1,0.1,0.1,1.1,3.8
237,Solomon Hill,PF,30,ATL,13,1,10.7,0.2,1.5,0.15,0.2,1,0.154,0.1,0.5,0.143,0.2,0,0,0,0.5,1.3,1.8,0.9,0.3,0.2,0.1,1.2,0.6
238,Nate Hinton,SG,22,IND,2,0,1,0,0.5,0,0,0,0,0,0.5,0,0,0,0,0,0,0,0,0,0,0,0.5,0,0
239,Jaylen Hoard,SF,22,OKC,1,0,2,0,1,0,0,0,0,0,1,0,0,0,0,0,1,1,2,0,0,0,0,0,0
240,Aaron Holiday,PG,25,TOT,49,14,16.5,2.6,5.4,0.475,0.6,1.6,0.385,2,3.8,0.513,0.532,0.7,0.9,0.814,0.3,1.4,1.7,2.3,0.6,0.2,1.1,1.5,6.5
240,Aaron Holiday,PG,25,WAS,41,14,16.2,2.4,5.2,0.467,0.6,1.6,0.343,1.9,3.6,0.524,0.521,0.7,0.9,0.8,0.2,1.4,1.6,1.9,0.6,0.2,1,1.5,6.1
240,Aaron Holiday,PG,25,PHO,8,0,18.4,3.3,6.4,0.51,0.9,1.4,0.636,2.4,5,0.475,0.578,0.9,1,0.875,0.5,1.6,2.1,4.1,0.8,0,1.6,1.5,8.3
241,Jrue Holiday,PG,31,MIL,52,49,33.3,7.3,14.3,0.509,2,4.7,0.424,5.3,9.6,0.55,0.578,2.1,2.7,0.768,1.1,3.6,4.7,6.7,1.5,0.5,2.7,2,18.6
242,Justin Holiday,SF-SG,32,TOT,59,50,28.9,3.8,9.4,0.401,2.5,6.8,0.366,1.3,2.5,0.493,0.534,0.7,0.8,0.837,0.4,2.3,2.7,1.8,0.8,0.4,1,2.2,10.7
242,Justin Holiday,SF,32,IND,49,40,28.9,3.9,9.3,0.415,2.6,6.9,0.378,1.3,2.5,0.516,0.553,0.7,0.8,0.829,0.4,2.4,2.8,1.8,0.7,0.4,1,2.1,11
242,Justin Holiday,SG,32,SAC,10,10,28.8,3.2,9.6,0.333,2.1,6.8,0.309,1.1,2.8,0.393,0.443,0.7,0.8,0.875,0.7,1.9,2.6,1.6,0.9,0.6,1.1,2.6,9.2
243,Richaun Holmes,C,28,SAC,42,37,24.5,4.6,6.8,0.669,0,0.1,0.4,4.5,6.7,0.674,0.672,1.6,2.1,0.775,2.1,5.2,7.3,1.1,0.4,0.9,1.3,3,10.8
244,Rodney Hood,SF-SG,29,TOT,44,0,13.9,1.1,3.1,0.348,0.6,1.9,0.305,0.5,1.2,0.415,0.441,0.3,0.3,0.929,0.3,1.3,1.5,0.7,0.3,0.1,0.2,0.6,3
244,Rodney Hood,SF,29,MIL,39,0,14.9,1.2,3.4,0.351,0.6,2.1,0.3,0.6,1.3,0.431,0.443,0.3,0.4,0.929,0.3,1.4,1.7,0.8,0.3,0.1,0.2,0.7,3.3
244,Rodney Hood,SG,29,LAC,5,0,6.2,0.2,0.8,0.25,0.2,0.4,0.5,0,0.4,0,0.375,0,0,0,0,0.2,0.2,0.2,0.2,0.2,0,0,0.6
245,Scotty Hopson,SG,32,OKC,1,0,18,2,4,0.5,0,1,0,2,3,0.667,0.5,0,0,0,0,1,1,1,0,0,2,1,4
246,Al Horford,C,35,BOS,56,56,28.8,3.9,8.6,0.452,1.3,4,0.319,2.6,4.5,0.571,0.527,1.2,1.5,0.841,1.6,6,7.6,3.4,0.6,1.4,1,1.9,10.3
247,Talen Horton-Tucker,SG,21,LAL,46,15,25.9,3.5,8.5,0.412,0.8,3,0.275,2.7,5.5,0.486,0.46,1.5,1.9,0.805,0.6,2.6,3.2,2.7,0.9,0.5,1.5,2.5,9.3
248,Danuel House Jr.,SF,28,TOT,31,2,15.7,1.9,4.5,0.42,1,2.4,0.4,0.9,2,0.444,0.529,1,1.2,0.811,0.4,2.1,2.5,1.2,0.4,0.3,0.7,1.2,5.7
248,Danuel House Jr.,SF,28,HOU,16,1,14.6,1.6,4.6,0.338,0.6,2.1,0.294,0.9,2.5,0.375,0.405,1.1,1.2,0.895,0.3,2.4,2.7,1.2,0.3,0.3,1.1,1,4.8
248,Danuel House Jr.,SF,28,NYK,1,0,3,0,1,0,0,1,0,0,0,0,0,0,0,0,0,0,0,0,0,0,0,0,0
248,Danuel House Jr.,SF,28,UTA,14,1,17.9,2.4,4.5,0.524,1.4,2.9,0.5,0.9,1.6,0.565,0.683,0.9,1.3,0.722,0.6,1.9,2.4,1.4,0.5,0.4,0.4,1.4,7.1
249,Dwight Howard,C,36,LAL,46,14,14.7,1.9,3.2,0.6,0.1,0.2,0.667,1.8,3,0.596,0.621,1.3,2.1,0.625,2,3.6,5.6,0.5,0.6,0.6,0.8,2,5.2
250,Markus Howard,SG,22,DEN,25,0,5.6,1.1,3.1,0.364,0.9,2.2,0.411,0.2,0.8,0.238,0.513,0.5,0.6,0.867,0,0.3,0.3,0.2,0.3,0,0.2,0.4,3.7
251,Kevin Huerter,SG,23,ATL,56,42,29.1,4.5,9.9,0.458,1.9,5.1,0.375,2.6,4.8,0.544,0.554,0.6,0.7,0.795,0.4,2.8,3.2,2.7,0.7,0.4,1.2,2.4,11.5
252,Jay Huff,C,23,LAL,4,0,5,0,0.8,0,0,0.5,0,0,0.3,0,0,0,0,0,0.3,0.8,1,0.3,0.3,0.3,0.3,0.3,0
253,Elijah Hughes,SF-SG,23,TOT,20,2,9.9,1.2,3.5,0.329,0.7,2.6,0.275,0.5,1,0.474,0.429,0.2,0.2,1,0.2,1.3,1.5,0.5,0.3,0.2,0.5,0.8,3.2
253,Elijah Hughes,SF,23,UTA,14,1,8,1.1,2.6,0.417,0.7,2,0.357,0.4,0.6,0.625,0.556,0.2,0.2,1,0.1,1.1,1.2,0.4,0.3,0.1,0.5,0.5,3.1
253,Elijah Hughes,SG,23,POR,6,1,14.2,1.3,5.7,0.235,0.7,3.8,0.174,0.7,1.8,0.364,0.294,0,0,0,0.3,1.7,2,0.7,0.2,0.3,0.5,1.5,3.3
254,De'Andre Hunter,SF,24,ATL,35,34,29.5,4.7,10.6,0.441,1.4,3.7,0.383,3.3,7,0.471,0.507,2.2,3,0.743,0.5,2.7,3.3,1.3,0.7,0.3,1.3,3,13
255,Chandler Hutchison,SF,25,PHO,6,0,3.7,0.2,0.3,0.5,0,0,0,0.2,0.3,0.5,0.5,0.3,0.3,1,0,0.8,0.8,0.3,0,0,0.7,0.2,0.7
256,Bones Hyland,PG,21,DEN,52,3,17.7,2.9,7.8,0.375,1.8,4.9,0.358,1.2,2.9,0.404,0.488,1.3,1.4,0.878,0.2,2.5,2.7,2.1,0.5,0.3,1.2,2.1,8.8
257,Serge Ibaka,C-PF,32,TOT,43,11,16.3,2.7,5.4,0.487,0.7,1.8,0.364,2,3.7,0.548,0.547,0.6,0.8,0.667,1.2,3.4,4.6,1,0.2,0.7,0.9,1.8,6.5
257,Serge Ibaka,C,32,LAC,35,10,15.4,2.7,5.5,0.49,0.7,1.8,0.387,2,3.7,0.538,0.552,0.6,0.8,0.69,1.1,3.1,4.3,1,0.2,0.7,0.9,1.6,6.6
257,Serge Ibaka,PF,32,MIL,8,1,20.3,2.5,5.3,0.476,0.5,1.9,0.267,2,3.4,0.593,0.524,0.5,0.9,0.571,1.3,4.6,5.9,0.6,0.1,0.5,0.6,2.5,6
258,Andre Iguodala,SF,38,GSW,26,0,19.9,1.5,3.9,0.392,0.5,2.3,0.23,1,1.6,0.634,0.461,0.5,0.6,0.813,0.7,2.6,3.3,3.8,0.8,0.8,0.9,1,4.1
259,Joe Ingles,SF,34,UTA,45,15,24.9,2.6,6.3,0.404,1.7,5,0.347,0.8,1.3,0.617,0.54,0.4,0.5,0.773,0.3,2.6,2.9,3.5,0.5,0.1,1,1.8,7.2
260,Brandon Ingram,SF,24,NOP,50,50,34.2,8.4,18.2,0.462,1.4,4.3,0.335,7,13.9,0.501,0.502,4.5,5.5,0.816,0.7,5,5.7,5.5,0.6,0.5,2.7,2.2,22.8
261,Kyrie Irving,PG,29,BRK,16,16,36.4,9.3,20.3,0.458,2.4,6.7,0.364,6.9,13.6,0.505,0.518,3.6,3.9,0.921,0.6,4.2,4.8,5.4,1.3,0.6,2.4,2.5,24.7
262,Wes Iwundu,SF,27,ATL,3,1,27.3,2.7,6,0.444,1,1.7,0.6,1.7,4.3,0.385,0.528,1,1.3,0.75,1,3.3,4.3,0,0.3,0,0.3,2.7,7.3
263,Frank Jackson,PG,23,DET,44,5,22.3,3.8,9.2,0.409,1.8,5.5,0.32,2,3.8,0.539,0.504,1.4,1.8,0.795,0.3,1.3,1.6,1,0.5,0.2,0.8,1.8,10.7
264,Isaiah Jackson,PF,20,IND,26,8,12,2.8,4.8,0.576,0.1,0.4,0.3,2.7,4.4,0.6,0.588,1.4,2.3,0.61,1.5,2,3.5,0.3,0.5,1.2,0.8,2.3,7
265,Jaren Jackson Jr.,PF,22,MEM,65,65,27.6,5.6,13.5,0.414,1.6,5.2,0.311,4,8.3,0.48,0.474,3.6,4.4,0.799,1.6,4.4,6,1,1,2.2,1.7,3.5,16.3
266,Josh Jackson,SF,24,TOT,42,3,17,2.5,6.1,0.404,0.7,2.8,0.259,1.7,3.3,0.525,0.463,1,1.3,0.714,0.4,2.5,2.9,1.2,0.5,0.5,0.9,1.7,6.6
266,Josh Jackson,SF,24,DET,39,3,18.1,2.6,6.4,0.41,0.8,2.9,0.265,1.9,3.5,0.529,0.47,1,1.4,0.714,0.4,2.7,3.2,1.3,0.5,0.5,1,1.8,7.1
266,Josh Jackson,SF,24,SAC,3,0,3,0,1.3,0,0,1,0,0,0.3,0,0,0,0,0,0,0,0,0,0,0.3,0.3,0.3,0
267,Justin Jackson,SF,26,TOT,7,0,5.3,0.7,2.1,0.333,0.4,1.3,0.333,0.3,0.9,0.333,0.433,0.3,0.3,1,0.1,0.9,1,0.3,0,0,0.1,0.4,2.1
267,Justin Jackson,SF,26,BOS,1,0,2,0,1,0,0,0,0,0,1,0,0,2,2,1,0,0,0,0,0,0,0,0,2
267,Justin Jackson,SF,26,PHO,6,0,5.8,0.8,2.3,0.357,0.5,1.5,0.333,0.3,0.8,0.4,0.464,0,0,0,0.2,1,1.2,0.3,0,0,0.2,0.5,2.2
268,Reggie Jackson,SG,31,LAC,62,62,31,6.4,16.2,0.395,2.3,6.9,0.326,4.1,9.3,0.445,0.464,1.9,2.2,0.841,0.5,3.1,3.7,4.7,0.7,0.2,2.3,2,16.9
269,LeBron James,SF,37,LAL,46,46,36.8,11.1,21.2,0.522,2.8,7.9,0.354,8.3,13.3,0.621,0.587,4.5,5.9,0.764,1.1,7,8.1,6.2,1.5,1,3.4,2.2,29.4
270,DeJon Jarreau,SG,24,IND,1,0,1,0,0,0,0,0,0,0,0,0,0,0,0,0,0,0,0,0,0,0,0,0,0
271,DaQuan Jeffries,SG,24,MEM,3,0,3,0.3,0.7,0.5,0,0.3,0,0.3,0.3,1,0.5,0,0,0,0,0.7,0.7,0.3,0,0,0,0.3,0.7
272,Ty Jerome,SG,24,OKC,48,4,16.7,2.6,6.8,0.378,1.1,3.9,0.29,1.5,3,0.493,0.46,0.8,1,0.809,0.4,1.2,1.6,2.3,0.6,0.1,0.8,1.5,7.1
273,Isaiah Joe,SG,22,PHI,44,1,11.8,1.2,3.4,0.358,0.9,2.6,0.333,0.3,0.8,0.441,0.486,0.5,0.5,0.917,0.1,1,1.1,0.7,0.3,0,0.4,0.9,3.8
274,Alize Johnson,PF,25,TOT,21,0,7,0.8,1.5,0.5,0,0.2,0,0.8,1.3,0.571,0.5,0.2,0.5,0.5,1.1,1.4,2.5,0.4,0.1,0,0.5,0.8,1.8
274,Alize Johnson,PF,25,CHI,16,0,7.6,0.8,1.4,0.522,0,0.1,0,0.8,1.3,0.571,0.522,0.3,0.4,0.571,1,1.3,2.3,0.5,0.2,0,0.5,0.9,1.8
274,Alize Johnson,PF,25,WAS,3,0,6,0.7,2,0.333,0,0.7,0,0.7,1.3,0.5,0.333,0,0.3,0,1.7,2.3,4,0,0,0,1,0,1.3
274,Alize Johnson,PF,25,NOP,2,0,4,1,1.5,0.667,0,0,0,1,1.5,0.667,0.667,0.5,1,0.5,1.5,1,2.5,0.5,0,0,0,0.5,2.5
275,B.J. Johnson,SF,26,ORL,4,0,16.3,2.8,6.3,0.44,1,2.5,0.4,1.8,3.8,0.467,0.52,0,0,0,1.5,2.3,3.8,0,0,0.3,0,1,6.5
276,Cameron Johnson,PF,25,PHO,60,13,26.3,4.4,9.2,0.475,2.7,5.9,0.448,1.7,3.2,0.526,0.62,1.5,1.7,0.873,0.6,3.5,4.1,1.5,0.8,0.2,0.6,1.7,12.8
277,David Johnson,SG,20,TOR,2,0,1,0,0.5,0,0,0.5,0,0,0,0,0,0,0,0,0,0,0,0,0,0,0,0,0
278,Jalen Johnson,PF,20,ATL,15,0,4.5,0.7,1.5,0.5,0.2,0.5,0.375,0.5,0.9,0.571,0.568,0.3,0.4,0.667,0,1.1,1.1,0.1,0,0.1,0.3,0.2,1.9
279,James Johnson,PF,34,BRK,49,10,19.6,2.6,5.5,0.468,0.4,1.5,0.267,2.2,4,0.546,0.506,0.5,1,0.51,0.9,2.6,3.5,2,0.5,0.4,0.8,2.6,6.1
280,Joe Johnson,SG,40,BOS,1,0,2,1,1,1,0,0,0,1,1,1,1,0,0,0,0,0,0,0,0,0,0,0,2
281,Keldon Johnson,SF,22,SAS,59,58,31.3,5.9,12.7,0.465,1.9,4.7,0.417,4,8.1,0.494,0.542,2.1,2.8,0.744,1.1,4.9,6,1.8,0.8,0.1,1.3,1.9,15.9
282,Keon Johnson,SG,19,TOT,19,2,11.9,1.3,4.3,0.309,0.3,1.1,0.286,1,3.2,0.317,0.346,1.1,1.4,0.769,0.4,1.2,1.6,1.1,0.5,0.2,0.5,1.3,4
282,Keon Johnson,SG,19,LAC,15,0,9,1.1,3.4,0.333,0.2,0.7,0.273,0.9,2.7,0.35,0.363,1.1,1.4,0.762,0.4,1,1.4,0.9,0.5,0.1,0.5,1.4,3.5
282,Keon Johnson,SG,19,POR,4,2,23,2,7.5,0.267,0.8,2.5,0.3,1.3,5,0.25,0.317,1,1.3,0.8,0.5,2,2.5,2,0.8,0.3,0.8,1,5.8
283,Stanley Johnson,PF,25,LAL,29,16,21.4,2.4,5,0.476,0.7,2.1,0.311,1.7,2.9,0.595,0.541,0.9,1.2,0.714,0.7,2.4,3.1,1.5,0.7,0.4,0.6,2.6,6.3
284,Tyler Johnson,PG,29,TOT,6,0,15.2,1,3.3,0.3,0.8,2.2,0.385,0.2,1.2,0.143,0.425,0,0,0,0.5,1.5,2,1.2,0.5,0.5,0.3,1.2,2.8
284,Tyler Johnson,PG,29,PHI,3,0,12.7,1.3,3.3,0.4,1,2.3,0.429,0.3,1,0.333,0.55,0,0,0,0.3,1.7,2,0.7,0.3,0.3,0.3,1.3,3.7
284,Tyler Johnson,PG,29,SAS,3,0,17.7,0.7,3.3,0.2,0.7,2,0.333,0,1.3,0,0.3,0,0,0,0.7,1.3,2,1.7,0.7,0.7,0.3,1,2
285,Nikola Joki?,C,26,DEN,57,57,33.1,9.8,17.2,0.571,1.6,4.3,0.363,8.3,12.9,0.64,0.616,4.6,5.7,0.811,2.8,11,13.8,8,1.4,0.8,3.8,2.5,25.8
286,Carlik Jones,PG,24,TOT,5,0,4.6,0.2,1.8,0.111,0,0.2,0,0.2,1.6,0.125,0.111,0.4,0.4,1,0.2,0.4,0.6,1,0.2,0,0.6,0,0.8
286,Carlik Jones,PG,24,DAL,3,0,6.3,0,2.3,0,0,0.3,0,0,2,0,0,0.7,0.7,1,0.3,0.7,1,1.7,0.3,0,1,0,0.7
286,Carlik Jones,PG,24,DEN,2,0,2,0.5,1,0.5,0,0,0,0.5,1,0.5,0.5,0,0,0,0,0,0,0,0,0,0,0,1
287,Damian Jones,C,26,SAC,42,5,15.1,2.5,3.8,0.644,0.1,0.4,0.313,2.3,3.4,0.681,0.659,1.2,1.7,0.722,1.3,2.5,3.8,1.1,0.3,0.7,1,2.1,6.3
288,Derrick Jones Jr.,PF,24,CHI,39,8,17.5,2.2,3.9,0.549,0.4,1.1,0.364,1.7,2.8,0.624,0.601,1.2,1.5,0.789,1.2,2.2,3.4,0.5,0.4,0.7,0.5,2.3,5.9
289,Herbert Jones,PF,23,NOP,61,52,30.1,3.5,7.3,0.482,0.7,2,0.345,2.9,5.4,0.532,0.528,1.7,1.9,0.863,1.3,2.6,4,2.1,1.6,0.9,1.3,3.1,9.4
290,Jemerrio Jones,SF,26,LAL,2,0,7.5,1,1.5,0.667,0,0,0,1,1.5,0.667,0.667,0,0,0,1,0.5,1.5,0,0.5,0,0,1,2
291,Kai Jones,C,21,CHO,19,0,3.1,0.4,0.7,0.615,0.1,0.1,0.5,0.4,0.6,0.636,0.654,0.2,0.4,0.375,0.2,0.4,0.5,0.2,0.1,0,0.3,0.4,1.1
292,Mason Jones,SG,23,LAL,2,0,4.5,1,4,0.25,0,1,0,1,3,0.333,0.25,0.5,1,0.5,0.5,0.5,1,0,0.5,0,0.5,0.5,2.5
293,Tre Jones,PG,22,SAS,51,5,14.2,2.1,4.1,0.512,0.1,0.5,0.13,2,3.6,0.559,0.519,0.9,1.1,0.836,0.4,1.5,1.9,2.7,0.5,0,0.6,1,5.2
294,Tyus Jones,PG,25,MEM,59,14,20.3,3.3,7.2,0.455,0.9,2.7,0.357,2.3,4.5,0.513,0.521,0.7,0.8,0.857,0.2,2.2,2.4,4.1,0.9,0,0.7,0.4,8.2
295,DeAndre Jordan,C,33,LAL,32,19,12.8,1.9,2.8,0.674,0,0,0,1.9,2.8,0.674,0.674,0.4,0.8,0.462,1.6,3.8,5.4,0.4,0.3,0.8,0.7,1.6,4.1
296,Cory Joseph,PG,30,DET,53,27,24.6,2.8,6.1,0.449,1,2.4,0.416,1.8,3.8,0.47,0.529,1.5,1.7,0.87,0.4,2.1,2.5,3.8,0.7,0.3,1.4,2.2,8
297,Georgios Kalaitzakis,SF,23,MIL,9,0,5.3,0.6,1.2,0.455,0.2,0.4,0.5,0.3,0.8,0.429,0.545,0.4,1,0.444,0.4,0.4,0.9,0,0.1,0.1,0.4,0.9,1.8
298,Frank Kaminsky,C,28,PHO,9,0,20.1,4,7.3,0.545,0.6,1.7,0.333,3.4,5.7,0.608,0.583,2,2.2,0.9,1.2,3.3,4.6,1.4,0.9,0.8,0.6,1.6,10.6
299,Luke Kennard,SG,25,LAC,55,10,27.5,4,8.9,0.445,2.7,6.1,0.45,1.3,2.9,0.434,0.598,0.9,1,0.875,0.2,3.2,3.5,2.1,0.6,0.1,0.9,1.5,11.6
300,Braxton Key,SF,24,PHI,2,0,3,0.5,1,0.5,0,0.5,0,0.5,0.5,1,0.5,0,0,0,0.5,0.5,1,0.5,0.5,0,1,0.5,1
301,George King,SF,28,DAL,4,0,4.8,0,1.3,0,0,1,0,0,0.3,0,0,0.3,0.5,0.5,0,1.3,1.3,0,0,0,0.3,1,0.3
302,Louis King,SF,22,SAC,10,0,10.4,1.5,4.7,0.319,0.8,2.7,0.296,0.7,2,0.35,0.404,0.7,1,0.7,0,1.2,1.2,0.9,0.2,0.1,0,1.4,4.5
303,Corey Kispert,SF,22,WAS,58,17,20.7,2.6,5.9,0.429,1.2,3.6,0.324,1.4,2.4,0.587,0.526,0.7,0.8,0.87,0.7,1.9,2.6,1,0.4,0.3,0.6,1.1,6.9
304,Maxi Kleber,PF,30,DAL,45,20,25.1,2.6,6.2,0.426,1.6,4.4,0.36,1,1.7,0.597,0.556,0.8,1.1,0.725,1.2,4.7,5.9,1.2,0.6,1.1,0.7,2.2,7.7
305,Brandon Knight,PG,30,DAL,3,0,18,3,6.7,0.45,1.3,4.3,0.308,1.7,2.3,0.714,0.55,2.7,2.7,1,0,2.3,2.3,2.7,0.3,0,1.3,1.7,10
306,Nathan Knight,PF,24,MIN,29,2,6.9,0.9,1.9,0.482,0.1,0.3,0.25,0.9,1.7,0.521,0.5,1.1,1.6,0.702,0.8,1.3,2.1,0.5,0.2,0.2,0.5,1,3.1
307,Kevin Knox,SF,22,TOT,23,0,7.8,1,2.7,0.349,0.5,1.7,0.275,0.5,1,0.478,0.437,0.5,0.7,0.688,0.5,1,1.5,0.3,0.1,0,0.3,0.5,2.9
307,Kevin Knox,SF,22,NYK,13,0,8.5,1.2,3.1,0.375,0.8,2.2,0.357,0.4,0.9,0.417,0.5,0.5,0.8,0.7,0.6,1.1,1.7,0.2,0.2,0.1,0.4,0.4,3.6
307,Kevin Knox,SF,22,ATL,10,0,6.9,0.7,2.3,0.304,0.1,1.2,0.083,0.6,1.1,0.545,0.326,0.4,0.6,0.667,0.3,1,1.3,0.5,0.1,0,0.2,0.7,1.9
308,John Konchar,SG,25,MEM,57,6,18.2,1.7,3.5,0.492,0.7,1.8,0.406,1,1.7,0.582,0.595,0.4,0.7,0.59,1.1,3.3,4.5,1.4,0.6,0.3,0.4,1.3,4.6
309,Furkan Korkmaz,SG,24,PHI,56,19,23,2.9,7.6,0.389,1.2,4.3,0.29,1.7,3.3,0.516,0.471,1.1,1.4,0.816,0.3,2.5,2.9,2.1,0.6,0.1,0.8,0.9,8.2
310,Luke Kornet,C,26,TOT,6,0,5.7,0.2,1.5,0.111,0,0.3,0,0.2,1.2,0.143,0.111,0.3,0.5,0.667,0.5,0.7,1.2,0.3,0.3,0.2,0,0.5,0.7
310,Luke Kornet,C,26,CLE,2,0,7.5,0.5,2.5,0.2,0,0.5,0,0.5,2,0.25,0.2,1,1.5,0.667,1,0.5,1.5,0.5,0,0.5,0,0.5,2
310,Luke Kornet,C,26,MIL,1,0,3,0,1,0,0,0,0,0,1,0,0,0,0,0,1,0,1,0,0,0,0,1,0
310,Luke Kornet,C,26,BOS,3,0,5.3,0,1,0,0,0.3,0,0,0.7,0,0,0,0,0,0,1,1,0.3,0.7,0,0,0.3,0
311,Vit Krejci,SG,21,OKC,12,0,14.1,1.2,2.9,0.4,0.6,1.8,0.333,0.6,1.2,0.5,0.5,0.3,0.3,1,0.3,1.4,1.7,0.7,0.3,0.1,0.4,1.4,3.3
312,Arnoldas Kulboka,SF,24,CHO,1,0,3,0,0,0,0,0,0,0,0,0,0,0,0,0,0,0,0,0,0,0,0,0,0
313,Jonathan Kuminga,SF,19,GSW,52,7,15.3,3,6,0.51,0.7,2,0.34,2.3,3.9,0.598,0.568,1.7,2.5,0.674,0.6,2.3,3,0.7,0.4,0.3,1.1,2,8.4
314,Kyle Kuzma,PF,26,WAS,60,60,33.6,6.4,14.1,0.456,1.9,5.7,0.342,4.5,8.5,0.533,0.525,2.4,3.3,0.725,1.1,7.7,8.7,3.4,0.7,0.9,2.5,1.9,17.2
315,Anthony Lamb,SF,24,SAS,2,0,4,0,1,0,0,1,0,0,0,0,0,0,0,0,0,0.5,0.5,1,0,0,0,0,0
316,Jeremy Lamb,SF-SG,29,TOT,45,0,16.6,2.3,6.2,0.369,1,3.2,0.324,1.3,3,0.416,0.452,1.7,2.1,0.839,0.4,2.3,2.6,1.4,0.6,0.4,0.6,1.1,7.3
316,Jeremy Lamb,SF,29,IND,39,0,15.7,2.2,5.8,0.373,1,3,0.333,1.2,2.8,0.414,0.458,1.7,2.1,0.838,0.4,2,2.4,1.3,0.6,0.4,0.6,1.1,7.1
316,Jeremy Lamb,SG,29,SAC,6,0,22.5,3,8.5,0.353,1.2,4.2,0.28,1.8,4.3,0.423,0.422,1.8,2.2,0.846,0.3,3.8,4.2,2,0.5,0.8,0.7,1.2,9
317,Jock Landale,C,26,SAS,38,1,10.3,1.8,3.7,0.486,0.6,1.7,0.333,1.2,2,0.61,0.561,0.6,0.7,0.857,1.1,1.1,2.2,0.9,0.2,0.3,0.7,1,4.8
318,Romeo Langford,SG,22,BOS,44,5,16.5,1.8,4.2,0.429,0.7,1.9,0.349,1.1,2.3,0.495,0.508,0.5,0.8,0.588,0.7,1.7,2.4,0.4,0.5,0.4,0.4,1,4.7
319,Zach LaVine,SF,26,CHI,52,52,34.7,8.8,18.2,0.483,2.9,7.2,0.398,5.9,11,0.538,0.561,4.2,4.8,0.865,0.3,4.6,4.8,4.5,0.6,0.4,2.7,1.8,24.6
320,Jake Layman,SF,27,MIN,25,1,7.1,0.8,2,0.373,0.2,1,0.154,0.6,1,0.6,0.412,0.2,0.3,0.75,0.2,0.8,1,0.3,0.2,0.2,0.3,0.4,1.9
321,Damion Lee,SG,29,GSW,50,3,20.3,2.9,6.4,0.459,1.2,3.2,0.371,1.7,3.2,0.547,0.552,0.9,1,0.86,0.4,2.7,3.2,1,0.7,0.1,0.6,1.5,7.9
322,Saben Lee,PG,22,DET,28,0,14.5,1.6,4.4,0.377,0.4,1.6,0.273,1.2,2.8,0.436,0.426,1.2,1.5,0.767,0.4,2,2.4,2.3,0.9,0.4,0.9,0.9,4.9
323,Alex Len,C,28,SAC,34,9,16.5,2.4,4.6,0.529,0.2,0.6,0.316,2.3,4.1,0.558,0.548,1.1,1.7,0.638,1.4,3.1,4.5,1.2,0.4,0.7,1.2,2.6,6.1
324,Caris LeVert,SG,27,TOT,43,40,31.1,7,15.8,0.443,1.5,4.7,0.32,5.5,11.1,0.495,0.49,2.7,3.5,0.76,0.7,2.9,3.6,4.4,1,0.4,1.9,2.3,18.2
324,Caris LeVert,SG,27,IND,39,39,31.1,7.1,15.9,0.447,1.6,4.8,0.323,5.6,11.1,0.501,0.496,2.8,3.7,0.76,0.8,3.1,3.8,4.4,0.9,0.5,1.9,2.3,18.7
324,Caris LeVert,SG,27,CLE,4,1,31,5.8,14.5,0.397,1,3.5,0.286,4.8,11,0.432,0.431,0.8,1,0.75,0.3,1.3,1.5,3.8,1.5,0.3,1.5,1.8,13.3
325,Kira Lewis Jr.,PG,20,NOP,24,0,14.2,2.5,6.1,0.404,0.5,2.4,0.224,1.9,3.7,0.523,0.449,0.4,0.5,0.833,0.4,1.3,1.6,2,0.5,0,1.1,0.7,5.9
326,Scottie Lewis,SG,21,CHO,2,0,3.5,0,0,0,0,0,0,0,0,0,0,0.5,1,0.5,0,0,0,0.5,0.5,0,0,0,0.5
327,Damian Lillard,PG,31,POR,29,29,36.4,7.7,19,0.402,3.2,9.8,0.324,4.5,9.2,0.485,0.486,5.5,6.2,0.878,0.4,3.7,4.1,7.3,0.6,0.4,2.9,1.3,24
328,Nassir Little,SF,21,POR,42,23,25.9,3.5,7.5,0.46,1.2,3.7,0.331,2.2,3.8,0.584,0.541,1.6,2.2,0.734,1.4,4.2,5.6,1.3,0.6,0.9,1,2,9.8
329,Isaiah Livers,SF,23,DET,5,0,7.8,1,3.4,0.294,0.6,2.2,0.273,0.4,1.2,0.333,0.382,0,0,0,0.8,0,0.8,0.6,0.2,0.2,0.2,0.8,2.6
330,Kevon Looney,C,25,GSW,64,64,21.4,2.6,4.7,0.562,0,0,0,2.6,4.7,0.564,0.562,1,1.7,0.613,2.7,4.9,7.5,1.8,0.6,0.7,0.9,2.7,6.3
331,Brook Lopez,C,33,MIL,1,1,28,3,9,0.333,2,4,0.5,1,5,0.2,0.444,0,0,0,2,3,5,0,1,3,0,3,8
332,Robin Lopez,C,33,ORL,28,9,17.4,3.3,5.9,0.567,0.1,0.2,0.4,3.3,5.7,0.572,0.573,0.9,1.5,0.595,2,1.7,3.7,1.6,0,0.6,1.3,1.9,7.6
333,Didi Louzada,SF,22,NOP,2,0,3.5,0,1.5,0,0,1.5,0,0,0,0,0,0,0,0,1,0,1,0.5,0,0,0,0,0
334,Kevin Love,PF,33,CLE,56,2,22.3,4.4,10.4,0.42,2.5,6.3,0.392,1.9,4.1,0.463,0.539,2.7,3.2,0.855,1.1,6.1,7.2,2.2,0.3,0.2,1.2,1.2,14
335,Kyle Lowry,PG,35,MIA,48,48,34.3,4.4,10.4,0.425,2.2,6.1,0.356,2.2,4.3,0.522,0.529,2.4,2.8,0.853,0.6,4.1,4.6,7.9,1.2,0.3,2.9,2.8,13.4
336,Timoth  Luwawu-Cabarrot,SF,26,ATL,37,12,12.3,1.4,3.5,0.385,0.9,2.4,0.368,0.5,1.2,0.419,0.508,0.5,0.5,0.85,0.2,1.1,1.3,0.7,0.4,0.1,0.4,1.2,4
337,Trey Lyles,PF,26,TOT,59,7,18.8,3.3,7.2,0.466,0.8,2.7,0.304,2.5,4.5,0.562,0.522,2.5,3.2,0.785,1.1,3.5,4.6,1.1,0.4,0.5,1,1.7,10
337,Trey Lyles,PF,26,DET,51,3,19.4,3.4,7.5,0.456,0.9,2.9,0.301,2.6,4.7,0.55,0.513,2.7,3.5,0.784,1.2,3.6,4.8,1.1,0.4,0.5,1.1,1.8,10.4
337,Trey Lyles,PF,26,SAC,8,4,14.9,2.8,4.9,0.564,0.5,1.5,0.333,2.3,3.4,0.667,0.615,1.5,1.9,0.8,0.9,2.6,3.5,0.6,0,0.1,0.8,1.3,7.5
338,Th o Maledon,PG,20,OKC,37,0,14.8,1.5,4.8,0.324,0.6,2.5,0.264,0.9,2.3,0.388,0.392,1.2,1.4,0.83,0.3,1.5,1.7,1.4,0.5,0.1,0.8,1.1,4.9
339,Sandro Mamukelashvili,PF,22,MIL,34,2,9.3,1.1,2.5,0.459,0.4,1.1,0.385,0.7,1.4,0.522,0.547,0.3,0.4,0.75,0.8,0.9,1.8,0.5,0.2,0.2,0.3,0.6,3
340,Terance Mann,SF,25,LAC,65,29,29,4.1,8.5,0.486,1,2.6,0.371,3.2,5.9,0.536,0.542,1.4,1.8,0.761,1.3,4.1,5.4,2.5,0.8,0.2,1,2.2,10.6
341,Tre Mann,PG,20,OKC,51,18,21.3,3.4,8.9,0.383,1.4,4,0.345,2,4.9,0.414,0.46,1,1.3,0.758,0.3,2.2,2.5,1.3,0.8,0.2,1,1.7,9.2
342,Boban Marjanovi?,C,33,DAL,17,0,5.8,2.1,3.4,0.632,0.1,0.2,0.333,2.1,3.2,0.648,0.64,0.5,0.9,0.5,0.4,1.4,1.8,0.1,0,0.1,0.6,1.2,4.8
343,Lauri Markkanen,PF,24,CLE,44,44,30.3,4.9,11.5,0.426,2.1,6,0.342,2.8,5.5,0.519,0.516,2,2.3,0.854,1,4.5,5.5,1.4,0.7,0.5,0.9,1.8,13.9
344,Naji Marshall,SF,24,NOP,37,0,10.2,1.5,3.8,0.401,0.3,1.6,0.2,1.2,2.2,0.549,0.444,0.9,1.2,0.778,0.6,1.6,2.2,0.8,0.5,0.1,0.7,1,4.4
345,Caleb Martin,SF,26,MIA,50,10,23.1,3.7,7.1,0.521,1,2.7,0.391,2.6,4.4,0.6,0.595,1.2,1.6,0.756,1.3,2.7,4,1.1,1,0.5,0.8,1.7,9.6
346,Cody Martin,SF,26,CHO,54,11,27.1,3,6.4,0.465,1,2.4,0.406,2,4,0.5,0.541,1.2,1.7,0.692,1.2,2.9,4.1,2.5,1.3,0.5,0.9,1.8,8.1
347,Kelan Martin,SF,26,TOT,28,1,16,2.5,6.1,0.412,0.8,2.6,0.297,1.7,3.4,0.5,0.476,0.3,0.5,0.692,0.6,1.4,1.9,0.8,0.5,0.3,0.5,1.3,6.1
347,Kelan Martin,SF,26,IND,27,1,16.4,2.6,6.2,0.417,0.8,2.7,0.297,1.8,3.5,0.511,0.482,0.3,0.5,0.692,0.6,1.4,2,0.8,0.5,0.3,0.5,1.3,6.3
347,Kelan Martin,SF,26,BOS,1,0,3,0,2,0,0,0,0,0,2,0,0,0,0,0,0,1,1,0,0,0,0,0,0
348,Kenyon Martin Jr.,SF,21,HOU,61,0,20,3.5,6.6,0.527,0.7,2,0.355,2.8,4.6,0.601,0.581,1,1.5,0.638,1.1,2.7,3.8,1.3,0.4,0.4,0.7,1.2,8.6
349,Garrison Mathews,SG,25,HOU,47,20,27.5,3.2,7.8,0.414,2.4,6.4,0.371,0.9,1.4,0.615,0.567,2.5,3.1,0.808,0.5,2.7,3.3,1,0.8,0.3,0.7,2.9,11.4
350,Dakota Mathias,SG,26,MEM,6,0,2.7,0.3,1,0.333,0.3,1,0.333,0,0,0,0.5,0,0,0,0,0.3,0.3,0.2,0.2,0,0,0.2,1
351,Wesley Matthews,SG,35,MIL,34,6,19.7,1.7,4.5,0.383,1.1,3.3,0.324,0.7,1.3,0.535,0.5,0.4,0.5,0.75,0.5,1.4,1.9,0.7,0.4,0.1,0.4,1.9,4.9
352,Tyrese Maxey,PG,21,PHI,56,55,35.6,6.5,13.5,0.483,1.6,3.7,0.423,4.9,9.8,0.505,0.541,3,3.5,0.862,0.4,3.2,3.6,4.5,0.8,0.5,1.2,2.1,17.6
353,Skylar Mays,SG,24,ATL,24,5,8.8,1.3,2.6,0.516,0.3,1,0.32,1,1.5,0.649,0.581,0.3,0.4,0.889,0.2,0.8,1,0.7,0.3,0,0.4,0.3,3.3
354,Miles McBride,PG,21,NYK,25,2,7.2,0.7,2.5,0.27,0.3,1.4,0.194,0.4,1.1,0.37,0.325,0.1,0.2,0.75,0.1,0.6,0.7,1,0.3,0,0.1,0.8,1.8
355,Mac McClung,PG,23,CHI,1,0,3,1,1,1,0,0,0,1,1,1,1,0,0,0,0,0,0,0,0,0,1,0,2
356,CJ McCollum,SG,30,TOT,46,46,35.3,8.5,18.7,0.455,3,7.8,0.388,5.5,10.8,0.503,0.536,1.7,2.3,0.722,1,3.5,4.6,4.9,1.1,0.5,1.9,2.1,21.7
356,CJ McCollum,SG,30,POR,36,36,35.2,8.1,18.5,0.436,3.1,8,0.384,5,10.4,0.476,0.52,1.3,1.9,0.706,0.9,3.3,4.3,4.5,1,0.6,1.9,2.1,20.5
356,CJ McCollum,SG,30,NOP,10,10,35.8,10.1,19.5,0.518,2.9,7.2,0.403,7.2,12.3,0.585,0.592,3,4,0.75,1.3,4.4,5.7,6.1,1.3,0,1.9,1.9,26.1
357,T.J. McConnell,PG,29,IND,24,6,24.2,3.8,7.5,0.503,0.3,1,0.28,3.5,6.5,0.538,0.522,0.5,0.6,0.8,0.8,2.5,3.3,4.8,1,0.4,1.2,1.8,8.4
358,Jaden McDaniels,PF,21,MIN,62,27,26,3.6,8,0.451,1.2,3.7,0.313,2.5,4.3,0.569,0.523,0.8,1,0.781,1.1,3.1,4.2,1.2,0.8,0.7,1.1,3.3,9.2
359,Jalen McDaniels,SF,24,CHO,39,2,17.6,2.5,5.1,0.492,0.8,2.2,0.372,1.7,2.8,0.586,0.574,0.8,1.2,0.674,0.7,2.7,3.5,1.1,0.5,0.4,0.8,1.8,6.6
360,Doug McDermott,PF,30,SAS,48,48,24.4,4.3,9.4,0.462,2.2,5.1,0.427,2.1,4.3,0.505,0.579,0.7,0.9,0.791,0.4,2,2.4,1.3,0.3,0.1,0.8,1.6,11.6
361,JaVale McGee,C,34,PHO,58,14,15.7,4,6.3,0.64,0,0.1,0.286,4,6.2,0.647,0.643,1.3,1.9,0.688,2.2,4.5,6.7,0.6,0.3,1.1,1.3,2.4,9.4
362,Cameron McGriff,SF,24,POR,3,0,15.3,1.7,4.7,0.357,0.7,2,0.333,1,2.7,0.375,0.429,0.7,0.7,1,2,3,5,1,0,0.3,0,2.3,4.7
363,Rodney McGruder,SG,30,DET,39,1,13.6,1.7,3.8,0.449,1,2.4,0.413,0.7,1.4,0.509,0.578,0.3,0.4,0.714,0.5,1.4,1.9,0.8,0.4,0.1,0.4,1,4.6
364,Alfonzo McKinnie,SF,29,CHI,17,3,12.1,1.4,3.6,0.393,0.5,1.6,0.333,0.9,2,0.441,0.467,0.1,0.5,0.25,0.8,1.2,1.9,0.3,0.1,0.2,0.4,1.5,3.5
365,JaQuori McLaughlin,PG,24,DAL,4,0,2.8,0,0.5,0,0,0.3,0,0,0.3,0,0,0,0,0,0,0,0,0.5,0,0,0,0.3,0
366,Jordan McLaughlin,PG,25,MIN,47,3,13.4,1.1,3,0.374,0.3,1.1,0.222,0.9,1.8,0.471,0.417,0.5,0.7,0.742,0.3,1.2,1.5,2.8,0.9,0.1,0.5,0.7,3
367,Ben McLemore,SG,28,POR,46,6,19,3,7.7,0.385,2.2,6.1,0.364,0.7,1.6,0.466,0.53,0.8,1,0.818,0.2,1.3,1.6,0.9,0.4,0.1,0.7,1.5,8.9
368,De'Anthony Melton,SG,23,MEM,57,13,22.7,3.5,9.2,0.385,1.6,4.6,0.337,2,4.6,0.433,0.47,1.2,1.6,0.728,1,3.6,4.6,2.7,1.6,0.5,1.4,1.7,9.8
369,Sam Merrill,SG,25,MEM,6,0,9.7,1.3,4,0.333,1.2,3.8,0.304,0.2,0.2,1,0.479,0.3,0.7,0.5,0.2,1,1.2,0.7,0,0,0.3,0.5,4.2
370,Chimezie Metu,C,24,SAC,45,20,21.1,3.2,7.4,0.434,0.9,3.2,0.283,2.3,4.2,0.55,0.496,1.1,1.5,0.773,0.6,5,5.6,1.1,0.8,0.5,0.9,1.4,8.5
371,Khris Middleton,SF,30,MIL,53,53,32.4,6.8,15.3,0.446,2.4,6.5,0.365,4.5,8.9,0.504,0.523,4.1,4.7,0.887,0.7,4.8,5.5,5.2,1.1,0.2,2.9,2.5,20.2
372,C.J. Miles,SG,34,BOS,1,0,2,0,0,0,0,0,0,0,0,0,0,0,0,0,0,0,0,0,0,0,0,1,0
373,Patty Mills,PG,33,BRK,64,44,30.4,4.4,10.6,0.417,3,7.3,0.414,1.4,3.3,0.425,0.559,0.7,0.8,0.811,0.2,1.8,2.1,2.5,0.7,0.3,1,1.4,12.6
374,Paul Millsap,PF,36,TOT,31,0,11.1,1.4,3.5,0.394,0.3,1.1,0.235,1.1,2.4,0.467,0.431,0.5,0.7,0.696,1.3,2.3,3.5,0.9,0.3,0.4,0.5,2,3.5
374,Paul Millsap,PF,36,BRK,24,0,11.3,1.3,3.5,0.376,0.3,1.1,0.222,1.1,2.4,0.448,0.412,0.5,0.7,0.706,1.2,2.5,3.7,1,0.2,0.5,0.5,2,3.4
374,Paul Millsap,PF,36,PHI,7,0,10.4,1.6,3.4,0.458,0.3,1,0.286,1.3,2.4,0.529,0.5,0.6,0.9,0.667,1.6,1.4,3,0.6,0.4,0.1,0.9,1.9,4
375,Shake Milton,PG,25,PHI,36,6,23.3,3.6,8.5,0.42,0.8,2.6,0.287,2.8,5.9,0.479,0.464,1.4,1.6,0.862,0.6,2.4,3,2.6,0.6,0.4,1.1,2,9.3
376,Davion Mitchell,PG,23,SAC,59,8,25.6,4.1,10.3,0.4,1.3,4.2,0.308,2.8,6.1,0.464,0.463,0.5,0.8,0.587,0.5,1.7,2.2,3.3,0.7,0.3,1.2,1.8,9.9
377,Donovan Mitchell,SG,25,UTA,51,51,33.6,9.3,20.3,0.455,3.5,9.7,0.358,5.8,10.6,0.544,0.541,3.9,4.5,0.849,0.9,3.2,4,5.3,1.6,0.2,3,2.5,25.8
378,Evan Mobley,PF,20,CLE,56,56,34.1,5.9,11.9,0.499,0.4,1.4,0.26,5.6,10.5,0.531,0.514,2.4,3.6,0.67,2,6.2,8.2,2.6,0.8,1.7,2,2.2,14.6
379,Malik Monk,SG,23,LAL,57,22,27.3,4.6,10.1,0.462,2.2,5.6,0.395,2.4,4.5,0.545,0.571,1.2,1.5,0.767,0.5,2.9,3.3,2.6,0.8,0.4,1.4,1.6,12.7
380,Greg Monroe,C,31,TOT,10,0,15.1,2.4,4.4,0.545,0,0,0,2.4,4.4,0.545,0.545,0.7,1.4,0.5,2.3,2.9,5.2,1.4,0.6,0.7,0.9,1.6,5.5
380,Greg Monroe,C,31,MIN,3,0,21,3,4.7,0.643,0,0,0,3,4.7,0.643,0.643,0.7,1.7,0.4,1.7,5.3,7,3.7,0.7,1.3,1.3,2.3,6.7
380,Greg Monroe,C,31,WAS,2,0,9,2,4,0.5,0,0,0,2,4,0.5,0.5,0,0,0,3.5,1.5,5,0.5,0.5,0.5,1,1,4
380,Greg Monroe,C,31,MIL,5,0,14,2.2,4.4,0.5,0,0,0,2.2,4.4,0.5,0.5,1,1.8,0.556,2.2,2,4.2,0.4,0.6,0.4,0.6,1.4,5.4
381,Moses Moody,SG,19,GSW,39,6,10.3,1.3,3.1,0.426,0.7,1.9,0.347,0.7,1.2,0.553,0.533,0.5,0.6,0.75,0.3,1.1,1.4,0.4,0.1,0.2,0.2,0.6,3.8
382,Xavier Moon,SG,27,LAC,6,0,13.8,2.3,5.7,0.412,0.5,1.7,0.3,1.8,4,0.458,0.456,0.3,0.5,0.667,0.2,1.3,1.5,1.7,0.8,0.2,0.5,0.7,5.5
383,Matt Mooney,SG,24,NYK,1,0,2,0,1,0,0,1,0,0,0,0,0,0,0,0,0,0,0,0,1,0,1,0,0
384,Ja Morant,PG,22,MEM,52,52,33.3,10.3,20.8,0.494,1.6,4.7,0.343,8.7,16.1,0.538,0.532,5.5,7.3,0.761,1.3,4.4,5.8,6.6,1.2,0.4,3.4,1.5,27.6
385,Juwan Morgan,PF,24,TOR,1,0,27,2,3,0.667,1,2,0.5,1,1,1,0.833,0,0,0,2,2,4,1,0,0,0,3,5
386,Jaylen Morris,SG,26,SAS,3,0,5.3,0,2,0,0,0.7,0,0,1.3,0,0,0.7,1.3,0.5,0,0.7,0.7,0.7,0,0,0.3,0.7,0.7
387,Marcus Morris,PF,32,LAC,41,41,29.5,5.7,13.1,0.434,2,5.2,0.391,3.6,7.9,0.463,0.512,2.2,2.6,0.86,0.5,4,4.5,2.1,0.6,0.3,1.3,2.3,15.7
388,Markieff Morris,PF,32,MIA,10,0,18.7,3.2,7,0.457,0.8,2.2,0.364,2.4,4.8,0.5,0.514,0.5,0.5,1,1.3,1.5,2.8,1.4,0.3,0.1,1.2,2.2,7.7
389,Monte Morris,PG,26,DEN,58,57,29.9,5.1,10.6,0.479,1.7,4.3,0.386,3.4,6.3,0.542,0.558,0.9,1,0.867,0.4,2.6,2.9,4.3,0.7,0.2,1,1.2,12.7
390,Emmanuel Mudiay,PG,25,SAC,2,0,5.5,0,1,0,0,0,0,0,1,0,0,1.5,2,0.75,0,0,0,2,0.5,0,0.5,0.5,1.5
391,Mychal Mulder,PG,27,ORL,15,2,13,1.3,4.5,0.299,0.9,3.1,0.283,0.5,1.4,0.333,0.396,0.1,0.1,1,0.1,1.3,1.4,0.2,0.3,0.1,0.5,0.8,3.7
392,Ade Murkey,SG,24,SAC,1,0,1,0,0,0,0,0,0,0,0,0,0,0,0,0,0,0,0,0,0,0,0,0,0
393,Trey Murphy III,SF,21,NOP,45,0,11.8,1.2,3.5,0.34,0.9,2.5,0.345,0.3,1,0.326,0.465,0.5,0.6,0.857,0.6,1.4,2,0.5,0.3,0.1,0.3,0.9,3.8
394,Dejounte Murray,PG,25,SAS,56,56,34.6,8.4,18.1,0.462,1.3,4,0.317,7.1,14.1,0.503,0.497,2.4,3.1,0.773,1.3,7.1,8.4,9.4,2,0.3,2.5,2,20.4
395,Mike Muscala,C,30,OKC,43,0,13.8,2.6,5.8,0.456,1.6,3.8,0.429,1,2,0.506,0.597,1.1,1.3,0.842,0.5,2.5,3,0.5,0.4,0.6,0.3,1.3,8
396,Svi Mykhailiuk,SF,24,TOR,49,5,14.1,1.8,4.5,0.396,0.8,2.6,0.304,1,2,0.515,0.482,0.6,0.7,0.853,0.4,1.5,1.9,0.9,0.5,0.1,0.6,1,5
397,Abdel Nader,SF,28,PHO,14,0,10.4,0.9,2.5,0.343,0.3,1,0.286,0.6,1.5,0.381,0.4,0.4,0.7,0.6,0.3,1.6,1.9,0.5,0.6,0.3,0.8,1.4,2.4
398,Larry Nance Jr.,PF,29,POR,37,11,23.2,2.8,5.4,0.515,0.5,1.7,0.306,2.2,3.7,0.61,0.563,0.9,1.3,0.653,1.6,4.1,5.6,2,1,0.4,0.7,1.8,6.9
399,RJ Nembhard Jr.,SG,22,CLE,9,0,5.8,0.7,1.7,0.4,0,0.2,0,0.7,1.4,0.462,0.4,0.1,0.2,0.5,0.1,0.3,0.4,1.2,0,0,0.2,0.2,1.4
400,Aaron Nesmith,SF,22,BOS,45,2,10.5,1.2,3.4,0.366,0.5,2.1,0.242,0.7,1.3,0.569,0.441,0.4,0.4,0.842,0.3,1.4,1.7,0.4,0.3,0.1,0.6,1.2,3.4
401,Raul Neto,PG,29,WAS,54,10,20.7,3.1,6.9,0.454,0.5,1.9,0.282,2.6,4.9,0.521,0.493,1.2,1.6,0.742,0.2,1.8,2.1,3,0.8,0,1.1,1.6,8
402,Malik Newman,PG,24,CLE,1,0,8,3,5,0.6,0,1,0,3,4,0.75,0.6,2,2,1,0,1,1,1,0,0,1,0,8
403,Georges Niang,PF,28,PHI,59,6,23.1,3.3,7.6,0.434,2,5,0.397,1.3,2.6,0.506,0.565,0.7,0.9,0.863,0.4,2.3,2.6,1.5,0.4,0.2,0.8,2.6,9.3
404,Daishen Nix,SG,19,HOU,9,0,7.7,1.4,2.3,0.619,0.3,0.8,0.429,1.1,1.6,0.714,0.69,0.1,0.3,0.333,0.1,1,1.1,1.1,0.8,0,1,0.4,3.3
405,Zeke Nnaji,PF,21,DEN,39,1,16.7,2.4,4.5,0.54,0.9,1.9,0.487,1.5,2.6,0.58,0.645,1,1.6,0.613,1.4,2.3,3.7,0.4,0.3,0.3,0.5,1.9,6.8
406,Nerlens Noel,C,27,NYK,25,11,22.5,1.3,2.4,0.533,0,0.1,0,1.3,2.3,0.561,0.533,0.8,1.2,0.7,1.9,3.7,5.6,0.9,1.2,1.2,0.8,2.7,3.4
407,Jaylen Nowell,SG,22,MIN,46,1,14.8,3,6.4,0.474,0.9,2.4,0.385,2.1,4,0.527,0.546,1,1.3,0.746,0.3,1.6,1.9,2.1,0.5,0.1,0.5,1.1,7.9
408,Frank Ntilikina,PG,23,DAL,48,5,12.4,1.5,4,0.375,0.7,2.1,0.34,0.8,1.9,0.413,0.464,0.5,0.5,0.958,0.2,1.2,1.3,1.1,0.5,0.1,0.5,1.1,4.2
409,Jusuf Nurki?,C,27,POR,56,56,28.2,5.7,10.7,0.535,0.3,1,0.268,5.5,9.7,0.563,0.548,3.3,4.8,0.69,3,8.1,11.1,2.8,1.1,0.6,2.6,3.4,15
410,David Nwaba,SF,29,HOU,40,4,13.5,1.9,3.9,0.474,0.3,1.1,0.286,1.6,2.9,0.544,0.513,1,1.4,0.719,0.9,2.6,3.5,0.8,0.6,0.5,0.5,1.3,5
411,Jordan Nwora,SF,23,MIL,51,10,19.1,3.1,7.5,0.407,1.4,3.8,0.357,1.7,3.7,0.46,0.499,0.4,0.5,0.808,0.6,3,3.6,1,0.5,0.3,0.9,1.2,7.9
412,Royce O'Neale,SF,28,UTA,59,59,31.3,2.7,5.5,0.498,1.6,3.7,0.416,1.2,1.8,0.673,0.64,0.6,0.8,0.804,0.8,4.1,4.9,2.5,1.3,0.5,1,2.3,7.7
413,Semi Ojeleye,PF,27,TOT,25,0,13.6,0.9,3.2,0.288,0.5,1.8,0.289,0.4,1.4,0.286,0.369,0.5,0.6,0.75,1,1.4,2.4,0.2,0.2,0.2,0.3,1.1,2.8
413,Semi Ojeleye,PF,27,MIL,20,0,15.4,0.9,3.5,0.257,0.6,2.1,0.268,0.4,1.5,0.241,0.336,0.5,0.7,0.769,1.3,1.7,2.9,0.3,0.3,0.3,0.3,1.3,2.9
413,Semi Ojeleye,PF,27,LAC,5,0,6.2,1,2,0.5,0.4,0.8,0.5,0.6,1.2,0.5,0.6,0.4,0.6,0.667,0.2,0.2,0.4,0,0,0,0.6,0.4,2.8
414,Chuma Okeke,PF,23,ORL,54,12,24.2,3.1,8.1,0.382,1.5,4.9,0.311,1.6,3.2,0.491,0.476,0.7,0.9,0.848,0.7,4.1,4.9,1.7,1.5,0.6,0.8,1.3,8.4
415,Josh Okogie,SG,23,MIN,36,6,11.7,0.7,2.1,0.347,0.3,1,0.278,0.4,1.1,0.41,0.413,0.8,1.1,0.659,0.7,1.1,1.8,0.5,0.5,0.3,0.6,1.2,2.5
416,Onyeka Okongwu,C,21,ATL,29,6,21.1,3.6,4.8,0.741,0,0,0,3.6,4.8,0.741,0.741,1.7,2.3,0.731,2.1,3.2,5.3,1.2,0.7,1.4,1.1,3.2,8.8
417,Isaac Okoro,SF,21,CLE,49,43,28.8,3.1,6.8,0.464,0.8,2.6,0.31,2.3,4.2,0.558,0.523,1.8,2.3,0.774,1.1,2.1,3.2,1.8,0.8,0.3,1,2.6,8.9
418,KZ Okpala,PF,22,MIA,21,0,11.6,1.4,3.3,0.435,0.4,1.2,0.346,1,2,0.488,0.5,0.4,0.5,0.727,0.5,1.4,2,0.7,0.2,0.3,0.2,1.2,3.7
419,Cameron Oliver,SF,25,ATL,2,0,21.5,5,7.5,0.667,0.5,1.5,0.333,4.5,6,0.75,0.7,1,1.5,0.667,1,2,3,1.5,0.5,0.5,0,2.5,11.5
420,Kelly Olynyk,C,30,DET,27,1,19.8,3.3,8,0.414,1.1,3.3,0.337,2.2,4.7,0.468,0.484,1.5,2.1,0.707,1.5,3.3,4.8,2.8,0.8,0.5,1.5,2.5,9.2
421,Eugene Omoruyi,SF,24,DAL,4,0,4.5,0.5,1.3,0.4,0.3,0.5,0.5,0.3,0.8,0.333,0.5,0.5,1,0.5,0.5,1.3,1.8,0.5,0,0,0,0.5,1.8
422,Miye Oni,SG,24,UTA,16,0,2.8,0.1,0.6,0.222,0.1,0.5,0.125,0.1,0.1,1,0.278,0,0.1,0,0.1,0.4,0.4,0.3,0,0,0.1,0.4,0.3
423,Cedi Osman,SF,26,CLE,52,3,23.4,4,9.3,0.428,2.1,5.8,0.365,1.8,3.5,0.533,0.543,1.4,2.1,0.657,0.4,1.8,2.2,2.1,0.9,0.2,1.1,1.9,11.4
424,Daniel Oturu,C,22,TOR,3,0,9,1,2,0.5,0,0.3,0,1,1.7,0.6,0.5,1,1.7,0.6,0.3,1.3,1.7,0,0,0.7,0,0.3,3
425,Kelly Oubre Jr.,SF,26,CHO,59,13,28.4,5.9,13.5,0.435,2.8,8.1,0.345,3.1,5.4,0.569,0.538,1.8,2.7,0.671,1.1,3,4.1,1.2,1.2,0.4,1,2.6,16.3
426,Jaysean Paige,PG,27,DET,1,0,7,0,3,0,0,2,0,0,1,0,0,0,0,0,0,1,1,1,0,0,1,2,0
427,Trayvon Palmer,SG,27,DET,1,0,17,0,1,0,0,0,0,0,1,0,0,0,0,0,0,2,2,0,0,0,1,2,0
428,Kevin Pangos,PG,29,CLE,24,3,6.9,0.6,1.9,0.326,0.3,1.1,0.231,0.4,0.8,0.45,0.391,0.1,0.2,0.75,0.1,0.4,0.5,1.3,0.1,0,0.3,0.5,1.6
429,Jabari Parker,PF,26,BOS,12,0,9.3,1.5,3.2,0.474,0.7,1.3,0.5,0.8,1.8,0.455,0.579,0.8,0.8,1,0.4,1.9,2.3,0.5,0.3,0.1,0.7,1.1,4.4
430,Eric Paschall,PF,25,UTA,46,1,13,1.9,3.9,0.489,0.8,2,0.385,1.2,1.9,0.596,0.586,1.1,1.5,0.765,0.5,1.4,2,0.6,0.2,0.1,0.6,0.9,5.7
431,Chris Paul,PG,36,PHO,58,58,33,5.6,11.5,0.487,1,3.1,0.33,4.6,8.4,0.546,0.532,2.7,3.2,0.843,0.3,4.2,4.5,10.7,1.9,0.3,2.4,2,14.9
432,Cameron Payne,PG,27,PHO,43,3,21,4.1,10.1,0.403,1.1,3.4,0.333,2.9,6.7,0.439,0.46,1.5,1.7,0.853,0.4,2.3,2.7,4.1,0.6,0.3,1.9,2,10.8
433,Elfrid Payton,PG,27,PHO,40,0,11.6,1.5,3.7,0.395,0.1,0.4,0.25,1.4,3.3,0.412,0.408,0.3,0.7,0.393,0.5,1.4,1.9,2.1,0.5,0.1,1,0.9,3.3
434,Gary Payton II,PG,29,GSW,60,14,17.1,3,4.8,0.612,0.7,1.8,0.364,2.3,3,0.758,0.68,0.5,0.9,0.574,1,2.5,3.4,0.8,1.4,0.3,0.5,1.8,7.1
435,Norvel Pelle,C,28,UTA,3,0,6.3,1,1.7,0.6,0,0,0,1,1.7,0.6,0.6,0,0,0,1,1,2,0,0,0.3,0.7,0.3,2
436,Reggie Perry,PF,21,TOT,3,0,17,1.7,3.3,0.5,0.3,0.7,0.5,1.3,2.7,0.5,0.55,0.7,0.7,1,0.7,2,2.7,0.7,0.3,0,0.3,3,4.3
436,Reggie Perry,PF,21,POR,2,0,20.5,2,4.5,0.444,0.5,1,0.5,1.5,3.5,0.429,0.5,1,1,1,1,2.5,3.5,1,0.5,0,0.5,3,5.5
436,Reggie Perry,PF,21,IND,1,0,10,1,1,1,0,0,0,1,1,1,1,0,0,0,0,1,1,0,0,0,0,3,2
437,Jamorko Pickett,PF,24,DET,6,0,7.8,0.2,1.7,0.1,0.2,1.2,0.143,0,0.5,0,0.15,0,0,0,0.3,1.2,1.5,0.2,0,0.2,0.5,0.5,0.5
438,Theo Pinson,SF,26,DAL,16,0,7.5,0.6,2,0.281,0.4,1.6,0.24,0.2,0.4,0.429,0.375,0.3,0.3,1,0.1,1.1,1.2,0.8,0.3,0.1,0.1,0.6,1.8
439,Mason Plumlee,C,31,CHO,56,56,25.3,2.9,4.5,0.63,0,0,0,2.9,4.5,0.635,0.63,0.9,2.4,0.363,2.6,5.5,8.1,3,0.9,0.6,1.3,3.1,6.6
440,Jakob Poeltl,C,26,SAS,53,52,29.3,6.1,9.8,0.619,0,0,1,6.1,9.8,0.618,0.62,1.3,2.8,0.466,3.8,5.3,9.1,3,0.8,1.8,1.6,3.1,13.5
441,Aleksej Pokusevski,PF,20,OKC,48,5,17.7,2.6,6.5,0.399,0.8,2.8,0.273,1.8,3.7,0.492,0.457,0.3,0.4,0.619,1.1,3.6,4.7,1.4,0.6,0.6,1.2,1.2,6.2
442,Yves Pons,SF,22,MEM,7,0,3.1,0.1,0.4,0.333,0.1,0.1,1,0,0.3,0,0.5,0,0.3,0,0.3,0.4,0.7,0,0,0,0,0.3,0.4
443,Jordan Poole,SG,22,GSW,58,35,28.6,5.6,12.6,0.442,2.3,6.8,0.338,3.2,5.7,0.566,0.534,2.9,3.1,0.927,0.5,2.6,3.1,3.5,0.8,0.3,2.3,2.5,16.3
444,Kevin Porter Jr.,PG,21,HOU,43,43,30.3,4.8,12,0.398,2.3,6.1,0.371,2.5,5.9,0.425,0.492,2,3.3,0.592,0.7,3.2,3.9,6.1,1.2,0.3,3.4,2.6,13.8
445,Michael Porter Jr.,SF,23,DEN,9,9,29.4,4.1,11.4,0.359,1.1,5.3,0.208,3,6.1,0.491,0.408,0.6,1,0.556,1,5.6,6.6,1.9,1.1,0.2,1.3,1.8,9.9
446,Otto Porter Jr.,PF,28,GSW,53,14,21.4,3.1,6.5,0.47,1.3,3.5,0.38,1.7,3,0.576,0.572,0.7,0.9,0.787,1.1,4.2,5.3,1.5,1.2,0.5,0.5,1.4,8.2
447,Bobby Portis,C,26,MIL,56,51,29,6,12.5,0.484,2.1,4.9,0.415,4,7.5,0.53,0.567,1.4,1.9,0.74,2.5,6.5,9.1,1.2,0.8,0.8,1.4,2.6,15.5
448,Kristaps Porzi??is,PF,26,TOT,35,35,29.2,6.7,14.9,0.454,1.5,5.1,0.294,5.3,9.8,0.536,0.504,4.4,5.1,0.861,1.9,5.7,7.6,2,0.7,1.7,1.5,2.6,19.4
448,Kristaps Porzi??is,PF,26,DAL,34,34,29.5,6.7,14.9,0.451,1.4,5.1,0.283,5.3,9.9,0.537,0.499,4.3,5,0.865,1.9,5.8,7.7,2,0.7,1.7,1.6,2.6,19.2
448,Kristaps Porzi??is,PF,26,WAS,1,1,21,7,12,0.583,3,4,0.75,4,8,0.5,0.708,8,10,0.8,1,4,5,0,0,2,0,3,25
449,Micah Potter,C,23,DET,3,0,10.3,1.7,3.7,0.455,0,0.7,0,1.7,3,0.556,0.455,0.7,0.7,1,1.3,1.7,3,0,0.3,0.3,0.3,1.3,4
450,Dwight Powell,C,30,DAL,64,53,20.9,2.9,4.4,0.652,0.2,0.5,0.394,2.7,3.9,0.687,0.676,1.7,2.3,0.743,2,2.5,4.6,1.1,0.5,0.4,0.8,2.6,7.6
451,Myles Powell,PG,24,PHI,11,0,4.7,0.5,1.5,0.294,0.1,0.5,0.167,0.4,1,0.364,0.324,0.2,0.2,1,0.1,0.5,0.5,0.3,0.1,0,0.3,0.7,1.2
452,Norman Powell,SF-SG,28,TOT,43,41,32.9,6.2,13.6,0.457,2.3,5.7,0.407,3.9,7.9,0.493,0.542,4.1,5.1,0.807,0.5,2.8,3.3,2.2,1,0.4,1.6,2.3,18.8
452,Norman Powell,SF,28,POR,40,39,33.3,6.2,13.6,0.456,2.3,5.7,0.406,3.9,7.8,0.492,0.542,4,5,0.803,0.4,2.9,3.3,2.1,1,0.4,1.6,2.3,18.7
452,Norman Powell,SG,28,LAC,3,2,26.7,6.7,14,0.476,2,4.7,0.429,4.7,9.3,0.5,0.548,5.7,6.7,0.85,1,2,3,4,0.7,0.7,1.7,2.7,21
453,Joshua Primo,SG,19,SAS,34,4,16.1,1.7,4.6,0.378,0.8,2.4,0.337,0.9,2.1,0.425,0.468,0.7,0.9,0.75,0.7,1.2,1.9,1.4,0.4,0.5,0.9,1.4,5
454,Taurean Prince,PF,27,MIN,53,8,15.8,2.3,4.9,0.465,1.1,2.9,0.39,1.1,2,0.577,0.581,0.7,0.9,0.783,0.4,2,2.3,1,0.7,0.3,0.8,1.4,6.3
455,Payton Pritchard,SG,24,BOS,55,2,12.8,1.9,4.7,0.396,1.1,2.9,0.375,0.8,1.8,0.43,0.512,0.3,0.3,1,0.4,1.3,1.7,1.8,0.2,0.1,0.6,0.8,5.1
456,Trevelin Queen,SG,24,HOU,9,0,7.9,1.7,3.4,0.484,1,2.6,0.391,0.7,0.9,0.75,0.629,0.4,0.4,1,0.7,1,1.7,0.3,0.6,0,0.8,0.7,4.8
457,Neemias Queta,C,22,SAC,10,0,5.6,0.9,2.3,0.391,0,0,0,0.9,2.3,0.391,0.391,0.3,0.5,0.6,1.1,0.8,1.9,0.4,0.1,0.4,0.4,1.1,2.1
458,Immanuel Quickley,PG,22,NYK,60,2,21.5,3.3,8.6,0.379,1.7,4.9,0.338,1.6,3.7,0.432,0.475,1.7,1.8,0.925,0.4,2.2,2.6,3,0.6,0.1,1.3,2.2,9.8
459,Jahmi'us Ramsey,SG,20,SAC,19,0,7.1,1.3,3.1,0.414,0.3,0.9,0.278,1,2.1,0.475,0.457,0.4,0.7,0.5,0.2,0.5,0.7,0.4,0.1,0.1,0.3,0.5,3.2
460,Julius Randle,PF,27,NYK,62,62,35.4,7,16.9,0.414,1.5,5.1,0.3,5.5,11.8,0.464,0.459,4.1,5.3,0.764,1.8,8.2,10,5.2,0.7,0.5,3.5,2.8,19.6
461,Austin Reaves,SG,23,LAL,44,5,21.9,2.1,4.5,0.467,0.8,2.5,0.321,1.3,1.9,0.659,0.558,1.1,1.4,0.833,0.6,2,2.6,1.4,0.4,0.4,0.5,1.5,6.1
462,Cam Reddish,SF,22,TOT,48,7,20.8,3.4,8.4,0.405,1.4,3.8,0.359,2,4.6,0.443,0.486,2.1,2.3,0.902,0.5,1.6,2.1,1,1,0.3,1.2,1.2,10.3
462,Cam Reddish,SF,22,ATL,34,7,23.4,4.1,10.1,0.402,1.7,4.5,0.379,2.4,5.6,0.421,0.487,2.1,2.4,0.9,0.6,1.9,2.5,1.1,1,0.3,1.3,1.3,11.9
462,Cam Reddish,SF,22,NYK,14,0,14.2,1.9,4.4,0.419,0.6,2.2,0.258,1.3,2.2,0.581,0.484,2.1,2.3,0.906,0.2,1.1,1.3,0.6,0.8,0.2,0.9,1,6.4
463,Davon Reed,SG,26,DEN,33,3,12.9,1.5,3.2,0.471,0.8,1.7,0.439,0.7,1.4,0.511,0.591,0.2,0.2,0.857,0.3,2,2.4,0.9,0.5,0.1,0.2,1.3,3.9
464,Paul Reed,C,22,PHI,27,2,8.7,1,2.3,0.459,0,0.2,0.2,1,2.1,0.482,0.467,0.1,0.4,0.4,1.1,1.3,2.4,0.4,0.7,0.4,0.3,1.4,2.3
465,Naz Reid,C,22,MIN,62,5,15.9,3,6.2,0.488,0.7,2.1,0.341,2.3,4.1,0.563,0.545,1.4,1.9,0.746,1.3,2.4,3.7,0.9,0.4,1,1,2.1,8.2
466,Nick Richards,C,24,CHO,42,5,8.2,1.3,2,0.683,0,0,0,1.3,2,0.683,0.683,0.7,1,0.698,0.7,1.2,1.9,0.3,0.2,0.5,0.5,1.2,3.4
467,Josh Richardson,SG,28,TOT,48,0,23.8,3.3,7.5,0.436,1.4,3.4,0.399,1.9,4.1,0.467,0.526,1.3,1.5,0.859,0.6,2.1,2.7,1.5,0.7,0.5,0.8,1.8,9.2
467,Josh Richardson,SG,28,BOS,44,0,24.7,3.5,7.8,0.443,1.4,3.5,0.397,2,4.3,0.481,0.534,1.4,1.6,0.859,0.6,2.3,2.8,1.5,0.8,0.5,0.9,1.9,9.7
467,Josh Richardson,SG,28,SAS,4,0,13.3,1.3,4.3,0.294,0.8,1.8,0.429,0.5,2.5,0.2,0.382,0,0,0,0.8,0.3,1,2,0.3,0.3,0.3,1.5,3.3
468,Austin Rivers,SG,29,DEN,49,13,21.2,2.2,5.3,0.42,1.2,3.5,0.343,1,1.8,0.567,0.532,0.4,0.6,0.667,0.3,1.3,1.7,1.2,0.8,0.1,0.8,1.7,6.1
469,Duncan Robinson,SG,27,MIA,62,57,26.8,3.8,9.6,0.396,3,8.1,0.365,0.8,1.4,0.573,0.551,0.6,0.8,0.833,0.4,2.5,2.9,1.6,0.6,0.2,0.9,2.7,11.2
470,Justin Robinson,PG,24,TOT,25,0,12.2,1.1,3.7,0.301,0.7,2.4,0.295,0.4,1.3,0.313,0.398,0.2,0.3,0.5,0.2,0.7,0.8,1.3,0.4,0,0.7,1.1,3.1
470,Justin Robinson,PG,24,MIL,17,0,11.6,1.1,3.4,0.316,0.6,2.2,0.27,0.5,1.2,0.4,0.404,0.1,0.1,1,0.1,0.6,0.8,1.2,0.5,0,0.6,1,2.8
470,Justin Robinson,PG,24,SAC,3,0,5,0.3,2.7,0.125,0,1,0,0.3,1.7,0.2,0.125,0,0,0,0,0.3,0.3,0.7,0,0,0.3,0.7,0.7
470,Justin Robinson,PG,24,DET,5,0,18.2,1.8,5.6,0.321,1.6,4.2,0.381,0.2,1.4,0.143,0.464,0.4,1.2,0.333,0.4,1,1.4,1.8,0.2,0.2,1,1.6,5.6
471,Mitchell Robinson,C,23,NYK,58,49,25.5,3.6,4.7,0.77,0,0,0,3.6,4.7,0.77,0.77,1.2,2.4,0.486,3.9,4.9,8.8,0.4,0.7,1.6,0.8,2.8,8.5
472,Jeremiah Robinson-Earl,C,21,OKC,44,36,23,2.7,6.6,0.401,1.1,3.4,0.333,1.5,3.2,0.472,0.486,0.7,1,0.714,1.6,4.2,5.8,1,0.6,0.3,0.8,1.7,7.1
473,Isaiah Roby,PF,23,OKC,27,12,17.7,3.2,6.2,0.515,0.7,1.7,0.422,2.5,4.5,0.549,0.572,1.3,1.8,0.735,1.6,2.6,4.2,1,0.7,0.5,0.9,2.2,8.4
474,Rajon Rondo,PG,35,TOT,32,1,18.5,1.8,4.9,0.378,0.8,2.4,0.329,1.1,2.5,0.425,0.458,0.5,0.7,0.739,0.4,2.6,3,4.3,0.8,0.2,1.9,1.5,5
474,Rajon Rondo,PG,35,LAL,18,0,16.1,1.3,3.9,0.324,0.4,1.7,0.267,0.8,2.3,0.366,0.38,0.1,0.1,0.5,0.6,2.2,2.7,3.7,0.7,0.3,1.9,1.4,3.1
474,Rajon Rondo,PG,35,CLE,14,1,21.7,2.6,6.1,0.424,1.2,3.3,0.37,1.4,2.8,0.487,0.524,1.1,1.5,0.762,0.2,3.1,3.4,5,1,0,2,1.6,7.5
475,Derrick Rose,PG,33,NYK,26,4,24.5,4.7,10.5,0.445,1.4,3.5,0.402,3.3,7,0.467,0.513,1.2,1.2,0.968,0.8,2.2,3,4,0.8,0.5,1.5,0.6,12
476,Terrence Ross,SG,30,ORL,55,0,23.7,3.6,8.9,0.403,1.3,4.1,0.308,2.3,4.8,0.485,0.474,1.8,2.1,0.868,0.3,2.2,2.6,1.9,0.5,0.2,1.3,1.1,10.2
477,Terry Rozier,SG,27,CHO,56,56,33.9,7.1,16.2,0.438,3.1,8.2,0.375,4,8,0.502,0.533,2.1,2.6,0.833,0.8,3.6,4.4,4.4,1.2,0.4,1.3,1.6,19.4
478,Ricky Rubio,PG,31,CLE,34,8,28.5,4.4,12.1,0.363,1.7,5.1,0.339,2.6,7,0.38,0.434,2.6,3,0.854,0.4,3.7,4.1,6.6,1.4,0.2,2.6,2.2,13.1
479,D'Angelo Russell,PG,25,MIN,51,51,32.2,6.6,15.8,0.419,2.9,8.4,0.35,3.7,7.4,0.497,0.512,3.1,3.8,0.824,0.4,3,3.4,7,1,0.4,2.6,2.2,19.3
480,Domantas Sabonis,C-PF,25,TOT,57,56,34.3,7.2,12.4,0.58,0.6,2.1,0.314,6.5,10.3,0.633,0.606,3.6,5,0.729,3.3,8.9,12.2,5.2,0.9,0.4,3.1,3.3,18.6
480,Domantas Sabonis,C,25,IND,47,46,34.7,7,12.1,0.58,0.7,2.3,0.324,6.3,9.9,0.639,0.61,4.1,5.5,0.74,3.3,8.8,12.1,5,1,0.5,3,3.1,18.9
480,Domantas Sabonis,PF,25,SAC,10,10,32.3,7.7,13.3,0.579,0.2,1,0.2,7.5,12.3,0.61,0.586,1.6,2.6,0.615,3.5,9.3,12.8,6,0.8,0.3,3.6,4,17.2
481,Olivier Sarr,C,22,OKC,8,0,14,2.1,4,0.531,0.3,1,0.25,1.9,3,0.625,0.563,0.8,1,0.75,1.3,2.4,3.6,0.5,0.3,0.5,0.8,1.8,5.3
482,Tom  Satoransk?,SG,30,TOT,36,3,14.8,1,3.1,0.319,0.2,0.9,0.182,0.8,2.2,0.375,0.345,0.8,0.9,0.794,0.5,1.4,2,2.3,0.4,0.1,0.7,1,2.9
482,Tom  Satoransk?,SG,30,NOP,32,3,15,1,3.3,0.299,0.2,1,0.161,0.8,2.4,0.355,0.322,0.6,0.8,0.76,0.6,1.4,2,2.4,0.4,0,0.7,1,2.8
482,Tom  Satoransk?,SG,30,SAS,1,0,9,0,0,0,0,0,0,0,0,0,0,3,4,0.75,0,1,1,0,0,0,0,0,3
482,Tom  Satoransk?,SG,30,WAS,3,0,14.7,1.3,2,0.667,0.3,0.7,0.5,1,1.3,0.75,0.75,1.7,1.7,1,0.3,1.7,2,2.7,0.7,0.3,0.7,1.3,4.7
483,Jordan Schakel,SG,23,WAS,2,0,7,0,3,0,0,1.5,0,0,1.5,0,0,0,0,0,1,0.5,1.5,0,0,0,0,0,0
484,Admiral Schofield,SF,24,ORL,29,1,10.3,1.2,2.7,0.456,0.5,1.6,0.311,0.8,1.2,0.647,0.544,0.2,0.3,0.7,0.4,1.5,1.9,0.6,0.1,0.1,0.5,1.2,3.2
485,Dennis Schr der,SG-PG,28,TOT,55,29,29.4,5.1,11.8,0.429,1.3,4,0.336,3.7,7.8,0.477,0.486,2.5,2.9,0.851,0.6,2.9,3.5,4.6,0.8,0.1,2.3,2.5,14
485,Dennis Schr der,SG,28,BOS,49,25,29.2,5.2,11.9,0.44,1.4,3.9,0.349,3.9,8,0.485,0.497,2.5,3,0.848,0.6,2.8,3.3,4.2,0.8,0.1,2.1,2.4,14.4
485,Dennis Schr der,PG,28,HOU,6,4,30.5,3.7,11,0.333,1.2,4.7,0.25,2.5,6.3,0.395,0.386,2.3,2.7,0.875,1,3.5,4.5,7.5,0.5,0.2,3.5,3.3,10.8
486,Tre Scott,SF,25,CLE,2,0,5.5,1.5,3,0.5,0,0.5,0,1.5,2.5,0.6,0.5,0,0,0,0.5,0.5,1,0,0.5,0.5,0,1,3
487,Jay Scrubb,SG,21,LAC,18,0,6.7,1,2.6,0.391,0.3,1.2,0.286,0.7,1.4,0.48,0.457,0.4,0.6,0.7,0.1,0.8,0.9,0.4,0.2,0.2,0.4,0.5,2.7
488,Wayne Selden,SG,27,NYK,3,0,6.3,0.3,1.3,0.25,0.3,0.7,0.5,0,0.7,0,0.375,0.7,1.3,0.5,0,0.3,0.3,0.3,0,0,0,0.3,1.7
489,Alperen  eng n,C,19,HOU,56,5,18.9,3.1,6.6,0.473,0.4,1.4,0.25,2.8,5.1,0.535,0.5,2.2,3.2,0.691,1.7,3.2,4.9,2.4,0.8,1,2,2.9,8.8
490,Collin Sexton,SG,23,CLE,11,11,28.7,6.2,13.7,0.45,1,4.1,0.244,5.2,9.6,0.538,0.487,2.6,3.5,0.744,1.2,2.1,3.3,2.1,0.9,0,2.8,2.3,16
491,Landry Shamet,SG,24,PHO,51,10,20.1,2.4,6.6,0.369,1.6,4.5,0.355,0.8,2.1,0.4,0.491,1.1,1.3,0.848,0.2,1.7,1.9,1.6,0.5,0.1,0.5,1.3,7.6
492,Day'Ron Sharpe,PF,20,BRK,32,8,12.2,2.7,4.7,0.577,0.1,0.2,0.286,2.6,4.4,0.592,0.584,0.8,1.3,0.585,2.5,2.5,5,0.5,0.3,0.5,0.9,1.9,6.2
493,Pascal Siakam,PF,27,TOR,51,51,37.6,8.3,17.1,0.483,1,3,0.338,7.2,14.1,0.515,0.513,4,5.4,0.736,2,6.4,8.4,5,1.3,0.7,2.7,3.5,21.5
494,Chris Silva,PF,25,TOT,10,0,9.1,0.8,1.5,0.533,0,0,0,0.8,1.5,0.533,0.533,1,1.2,0.833,1.3,2.3,3.6,0.7,0,0.1,0.8,2,2.6
494,Chris Silva,PF,25,MIN,1,0,3,0,0,0,0,0,0,0,0,0,0,0,0,0,0,1,1,0,0,0,0,0,0
494,Chris Silva,PF,25,MIA,9,0,9.8,0.9,1.7,0.533,0,0,0,0.9,1.7,0.533,0.533,1.1,1.3,0.833,1.4,2.4,3.9,0.8,0,0.1,0.9,2.2,2.9
495,Marko Simonovic,C,22,CHI,9,0,3.9,0.4,1.7,0.267,0.1,0.6,0.2,0.3,1.1,0.3,0.3,0.9,1.2,0.727,0.6,0.6,1.1,0,0.1,0.1,0.2,0.7,1.9
496,Anfernee Simons,SG,22,POR,57,30,29.5,6.2,14,0.443,3.1,7.8,0.405,3.1,6.2,0.49,0.555,1.8,2,0.888,0.5,2.2,2.6,3.9,0.5,0.1,2,1.9,17.3
497,Jericho Sims,PF,23,NYK,23,0,8.6,0.5,0.7,0.647,0,0,0,0.5,0.7,0.647,0.647,0.2,0.4,0.4,1,1.6,2.6,0.3,0.2,0.4,0.2,1.3,1.1
498,Deividas Sirvydis,SG,21,DET,3,0,9,0.3,3.3,0.1,0.3,2.3,0.143,0,1,0,0.15,0,0,0,0,2,2,0.3,1,0.3,0,1.3,1
499,Javonte Smart,PG,22,TOT,14,1,11.5,0.8,3.1,0.256,0.3,1.3,0.222,0.5,1.8,0.28,0.302,0.4,0.4,0.833,0.3,1.1,1.4,1,0.3,0.1,0.6,0.8,2.2
499,Javonte Smart,PG,22,MIL,13,1,12.3,0.8,3.3,0.256,0.3,1.4,0.222,0.5,1.9,0.28,0.302,0.4,0.5,0.833,0.3,1.2,1.5,1.1,0.3,0.2,0.7,0.8,2.4
499,Javonte Smart,PG,22,MIA,1,0,1,0,0,0,0,0,0,0,0,0,0,0,0,0,0,0,0,0,0,0,0,0,0
500,Marcus Smart,PG,27,BOS,56,56,32.8,4.1,9.9,0.414,1.6,4.9,0.326,2.5,5.1,0.498,0.494,2.1,2.7,0.792,0.6,3.3,3.9,5.6,1.7,0.3,2.1,2.4,11.9
501,Dennis Smith Jr.,PG,24,POR,37,4,17.2,2.1,5.1,0.418,0.2,0.7,0.222,2,4.4,0.451,0.434,1.1,1.7,0.656,0.5,1.8,2.4,3.6,1.2,0.3,1.4,1.4,5.6
502,Ish Smith,PG,33,TOT,46,1,15.5,2.5,5.7,0.435,0.3,0.8,0.385,2.1,4.8,0.443,0.463,0.3,0.4,0.6,0.4,1.5,1.9,3.2,0.6,0.3,1.1,1.2,5.5
502,Ish Smith,PG,33,CHO,37,1,13.8,2,5,0.395,0.3,0.7,0.4,1.7,4.3,0.394,0.422,0.3,0.5,0.632,0.3,1.2,1.5,2.6,0.5,0.3,1,0.9,4.5
502,Ish Smith,PG,33,WAS,9,0,22.3,4.4,8.3,0.533,0.6,1.6,0.357,3.9,6.8,0.574,0.567,0,0.1,0,0.8,2.6,3.3,5.2,0.9,0.4,1.6,2.3,9.4
503,Jalen Smith,PF,21,TOT,39,7,16.4,2.9,5.7,0.5,0.6,2,0.321,2.2,3.7,0.596,0.556,1.5,1.9,0.784,1.9,3.7,5.6,0.4,0.3,0.6,0.9,1.8,7.9
503,Jalen Smith,PF,21,PHO,29,4,13.2,2.2,4.7,0.46,0.3,1.3,0.231,1.9,3.4,0.551,0.493,1.4,1.8,0.769,1.9,2.9,4.8,0.2,0.2,0.6,0.8,1.8,6
503,Jalen Smith,PF,21,IND,10,3,25.9,4.9,8.7,0.563,1.6,3.9,0.41,3.3,4.8,0.688,0.655,1.8,2.2,0.818,1.9,6.2,8.1,1.1,0.4,0.7,1.2,1.8,13.2
504,Xavier Sneed,SF,24,MEM,2,0,4,0,1,0,0,1,0,0,0,0,0,0,0,0,0.5,0.5,1,0,0,0,0,1,0
505,Tony Snell,SG,30,TOT,46,10,15.5,1.3,3.1,0.415,0.9,2.4,0.369,0.4,0.7,0.581,0.56,0.1,0.1,1,0.3,1.8,2.2,0.5,0.3,0.2,0.3,1.3,3.5
505,Tony Snell,SG,30,POR,38,10,14.4,0.9,2.6,0.371,0.6,2,0.32,0.3,0.6,0.545,0.495,0.1,0.1,1,0.3,1.6,1.9,0.5,0.2,0.2,0.3,1.2,2.6
505,Tony Snell,SG,30,NOP,8,0,20.6,2.9,5.6,0.511,2.1,4.5,0.472,0.8,1.1,0.667,0.7,0,0,0,0.5,2.9,3.4,0.6,0.5,0,0.5,2.1,7.9
506,Jaden Springer,SG,19,PHI,2,0,3,0.5,0.5,1,0,0,0,0.5,0.5,1,1,0,0,0,0.5,0.5,1,0,0,1,0.5,0,1
507,Cassius Stanley,SG,22,DET,9,1,17.2,2.1,5.1,0.413,0.4,1.9,0.235,1.7,3.2,0.517,0.457,1.1,1.1,1,0.6,1.6,2.1,0.4,0.6,0.2,0.7,1.9,5.8
508,Nik Stauskas,SG,28,MIA,2,0,12,1.5,4,0.375,1,2,0.5,0.5,2,0.25,0.5,1.5,2,0.75,0.5,1,1.5,0.5,0,0,0,0.5,5.5
509,Lance Stephenson,SG-SF,31,TOT,33,1,18,3.2,7.3,0.446,0.5,2.1,0.25,2.7,5.2,0.523,0.481,1.2,1.6,0.759,0.3,2.6,2.9,3.5,0.5,0.1,1.6,2,8.2
509,Lance Stephenson,SF,31,ATL,6,0,11.7,0.8,2.2,0.385,0,0.5,0,0.8,1.7,0.5,0.385,0.2,0.3,0.5,0.2,2.3,2.5,1.8,0,0,0.7,1.3,1.8
509,Lance Stephenson,SG,31,IND,27,1,19.4,3.8,8.4,0.449,0.6,2.4,0.262,3.1,6,0.525,0.487,1.5,1.9,0.769,0.4,2.6,3,3.8,0.6,0.1,1.8,2.1,9.7
510,Lamar Stevens,PF,24,CLE,45,8,14,2,4.1,0.473,0.3,1,0.283,1.7,3.1,0.536,0.508,0.6,1,0.651,0.6,1.5,2.1,0.6,0.4,0.2,0.5,1.4,4.8
511,Isaiah Stewart,C,20,DET,56,56,26.1,3.6,7.1,0.516,0.1,0.4,0.16,3.6,6.6,0.541,0.522,1,1.5,0.679,3.3,5.3,8.6,1.1,0.3,1.2,1.3,3,8.4
512,Max Strus,SF,25,MIA,52,10,23.7,3.7,8.5,0.436,2.6,6.5,0.404,1.1,1.9,0.545,0.592,0.7,0.9,0.766,0.4,2.7,3.1,1.3,0.4,0.2,0.8,1.7,10.7
513,Jalen Suggs,PG,20,ORL,43,40,28,4.4,12,0.366,0.9,4.1,0.226,3.4,7.8,0.439,0.405,2.8,3.7,0.767,0.6,3.1,3.7,4.5,1.3,0.4,3.1,3.1,12.5
514,Craig Sword,SG,28,WAS,3,0,6.3,1,1.3,0.75,0,0.3,0,1,1,1,0.75,0,0,0,0,0,0,0.3,1.3,0,0.3,2.3,2
515,Keifer Sykes,PG,28,IND,23,10,17.9,2.1,6.1,0.348,0.9,3,0.294,1.3,3.2,0.397,0.418,0.5,0.6,0.857,0.3,1.4,1.7,2,0.3,0.2,1.1,1.6,5.7
516,Jae'Sean Tate,SF,26,HOU,62,61,27,4.9,9.6,0.507,0.8,2.7,0.303,4.1,7,0.585,0.549,1.9,2.6,0.712,1.7,3.9,5.6,3.1,1,0.5,1.9,3.7,12.4
517,Jayson Tatum,SF,23,BOS,62,62,36.2,9.1,20.9,0.438,2.9,8.5,0.334,6.3,12.4,0.509,0.506,5.4,6.3,0.849,1.2,7,8.2,4.2,0.9,0.7,2.9,2.4,26.5
518,Terry Taylor,SG,22,IND,19,2,17.5,3.5,5.8,0.609,0.2,0.6,0.364,3.3,5.2,0.636,0.627,0.7,1.2,0.636,2.7,2.8,5.6,1.4,0.2,0.2,0.4,1.7,8
519,Garrett Temple,SG,35,NOP,56,16,18.9,1.9,5,0.383,1,3.1,0.32,0.9,1.9,0.486,0.482,0.5,0.7,0.683,0.5,2,2.5,1.3,0.8,0.4,0.7,1.4,5.4
520,Emanuel Terry,PF,25,PHO,3,0,6,0,1.7,0,0,0,0,0,1.7,0,0,0,0,0,2.7,2.3,5,0.7,0.3,0,1.7,1.3,0
521,Tyrell Terry,PG,21,MEM,2,0,1.5,0.5,0.5,1,0,0,0,0.5,0.5,1,1,0,0,0,0,0,0,0,0,0,0,0.5,1
522,Jon Teske,C,24,MEM,3,0,2.7,0,0.3,0,0,0,0,0,0.3,0,0,0,0.7,0,0,0.7,0.7,0.3,0.3,0,0,0.3,0
523,Daniel Theis,C,29,TOT,32,21,20.8,2.9,6.1,0.485,0.8,2.7,0.294,2.2,3.4,0.633,0.549,1,1.6,0.627,1.1,3.8,4.9,0.8,0.4,0.7,1,2.3,7.7
523,Daniel Theis,C,29,HOU,26,21,22.5,3.2,6.9,0.469,0.9,3,0.291,2.3,3.8,0.61,0.534,1,1.5,0.675,1.2,3.8,5,0.8,0.4,0.7,1.2,2.4,8.4
523,Daniel Theis,C,29,BOS,6,0,13.3,1.7,2.5,0.667,0.3,1,0.333,1.3,1.5,0.889,0.733,0.8,1.8,0.455,0.3,4,4.3,1,0.3,1,0.3,2,4.5
524,Brodric Thomas,SG,25,BOS,9,0,4.9,0.6,1.4,0.385,0.1,0.8,0.143,0.4,0.7,0.667,0.423,0.2,0.4,0.5,0.2,0.4,0.7,0.7,0,0.1,0.4,0.7,1.4
525,Cam Thomas,SG,20,BRK,54,2,19.4,3.7,8.6,0.435,0.8,3,0.274,2.9,5.6,0.523,0.484,1.4,1.6,0.831,0.2,2.3,2.6,1.4,0.5,0.1,0.9,1,9.7
526,Isaiah Thomas,PG,32,TOT,6,1,21.3,3.2,9.7,0.328,1.2,5.3,0.219,2,4.3,0.462,0.388,1.3,1.8,0.727,0.3,1.8,2.2,2.2,0.3,0.3,1.2,2.2,8.8
526,Isaiah Thomas,PG,32,LAL,4,1,25.3,3,9.8,0.308,1.3,5.5,0.227,1.8,4.3,0.412,0.372,2,2.8,0.727,0.3,1.8,2,1.5,0,0.5,1.3,3,9.3
526,Isaiah Thomas,PG,32,DAL,1,0,13,3,8,0.375,0,3,0,3,5,0.6,0.375,0,0,0,0,0,0,4,0,0,0,0,6
526,Isaiah Thomas,PG,32,CHO,1,0,14,4,11,0.364,2,7,0.286,2,4,0.5,0.455,0,0,0,1,4,5,3,2,0,2,1,10
527,Matt Thomas,SG,27,CHI,37,0,12.2,1.4,3.5,0.406,0.9,2.3,0.384,0.5,1.1,0.452,0.535,0.4,0.5,0.8,0.1,1.2,1.3,0.5,0.2,0.1,0.2,0.5,4.1
528,Klay Thompson,SG,31,GSW,19,19,25.7,6,14.6,0.41,2.8,7.5,0.371,3.2,7.1,0.452,0.505,1.7,1.8,0.943,0.4,3.5,3.9,3,0.6,0.6,1.5,1.5,16.5
529,Tristan Thompson,PF,30,TOT,39,4,15.6,2.5,4.9,0.518,0,0,1,2.5,4.9,0.516,0.521,1.2,2.2,0.523,2.2,2.8,5.1,0.6,0.4,0.4,0.9,1.8,6.3
529,Tristan Thompson,PF,30,SAC,30,3,15.2,2.5,5,0.503,0,0,1,2.5,5,0.5,0.507,1.1,2,0.533,2.4,3,5.4,0.6,0.4,0.4,1,1.7,6.2
529,Tristan Thompson,PF,30,IND,4,0,16.5,3.3,6,0.542,0,0,0,3.3,6,0.542,0.542,0.8,2,0.375,1.8,2.8,4.5,0.5,0,0.5,1,1.8,7.3
529,Tristan Thompson,PF,30,CHI,5,1,17.4,2,3.2,0.625,0,0,0,2,3.2,0.625,0.625,2,3.6,0.556,1.6,2.2,3.8,0.6,0.6,0,0.8,2,6
530,JT Thor,PF,19,CHO,24,0,9.8,1,2.2,0.442,0.3,1.1,0.269,0.7,1.1,0.615,0.51,0.4,0.6,0.714,0.5,1.1,1.6,0.8,0.3,0.4,0.3,1,2.6
531,Matisse Thybulle,SG,24,PHI,48,33,26,2.3,4.6,0.493,0.7,2.4,0.284,1.6,2.2,0.72,0.567,0.4,0.5,0.72,0.5,1.8,2.4,1.2,1.8,1.1,0.6,2.3,5.6
532,Killian Tillie,C,23,MEM,34,3,13.1,1.3,3.6,0.355,0.8,2.4,0.338,0.5,1.2,0.39,0.467,0.1,0.2,0.625,0.6,1.1,1.7,0.6,0.7,0.4,0.3,1.6,3.5
533,Xavier Tillman Sr.,PF,23,MEM,41,0,12.6,1.7,3.8,0.452,0.2,0.9,0.216,1.5,2.9,0.525,0.478,0.8,1.2,0.646,1.1,1.7,2.9,1,1,0.3,0.7,1.2,4.4
534,Isaiah Todd,PF,20,WAS,10,0,4.1,0.5,1.7,0.294,0.4,1.1,0.364,0.1,0.6,0.167,0.412,0.2,0.6,0.333,0.2,0.8,1,0.3,0.2,0.2,0.1,0.1,1.6
535,Obi Toppin,PF,23,NYK,57,2,15,2.8,5.5,0.508,0.4,1.7,0.224,2.4,3.7,0.638,0.543,1.2,1.6,0.739,0.9,2.6,3.5,0.9,0.3,0.4,0.8,1.4,7.1
536,Juan Toscano-Anderson,SF,28,GSW,61,5,14.3,1.7,3.5,0.486,0.4,1.3,0.295,1.3,2.2,0.597,0.54,0.6,1.1,0.582,0.4,2.1,2.6,1.9,0.7,0.2,1,1.6,4.4
537,Karl-Anthony Towns,C,26,MIN,58,58,34,8.8,16.7,0.527,2.1,5.1,0.402,6.8,11.6,0.582,0.589,4.9,6.1,0.818,2.6,7,9.6,3.9,1,1.1,3,3.6,24.6
538,Gary Trent Jr.,SG,23,TOR,55,54,34.7,6.4,15.5,0.413,3,8,0.376,3.4,7.6,0.452,0.509,2.1,2.5,0.826,0.3,2.3,2.6,2.1,1.9,0.3,1,2.1,17.9
539,P.J. Tucker,PF,36,MIA,57,56,28.4,3.1,6.1,0.501,1.3,2.9,0.449,1.8,3.2,0.549,0.609,0.7,0.9,0.722,1.4,3.9,5.4,2.1,0.8,0.2,1,2.4,8.1
540,Rayjon Tucker,SG,24,DEN,3,0,9.7,0.3,0.7,0.5,0.3,0.7,0.5,0,0,0,0.75,1,1.3,0.75,0.3,1,1.3,1.3,0.3,0,0,1,2
541,Myles Turner,C,25,IND,42,42,29.4,4.8,9.4,0.509,1.5,4.4,0.333,3.3,5,0.662,0.587,1.9,2.5,0.752,1.5,5.5,7.1,1,0.7,2.8,1.3,2.8,12.9
542,Jonas Valan?i?nas,C,29,NOP,58,58,31,6.9,12.8,0.537,0.9,2.3,0.376,6,10.5,0.572,0.571,3.2,3.9,0.814,3.1,8.5,11.6,2.5,0.5,0.9,2.5,3.4,17.8
543,Denzel Valentine,SG,28,TOT,24,0,9.3,1,2.8,0.379,0.8,2,0.404,0.3,0.8,0.316,0.523,0,0,0,0.4,1.4,1.8,0.5,0.3,0,0.5,0.8,2.9
543,Denzel Valentine,SG,28,CLE,22,0,9.3,1,2.8,0.371,0.8,2,0.409,0.2,0.8,0.278,0.516,0,0,0,0.4,1.3,1.7,0.5,0.3,0,0.5,0.8,2.9
543,Denzel Valentine,SG,28,UTA,2,0,9,1,2,0.5,0.5,1.5,0.333,0.5,0.5,1,0.625,0,0,0,0,2,2,0,0.5,0,1,1.5,2.5
544,Jarred Vanderbilt,PF,22,MIN,60,53,26,3,5,0.592,0,0.2,0.167,2.9,4.8,0.61,0.595,1.1,1.8,0.642,3,5.8,8.8,1.4,1.4,0.7,1,2.5,7.1
545,Fred VanVleet,PG,27,TOR,52,52,38.2,7.2,17.3,0.415,4,10,0.398,3.2,7.3,0.438,0.531,3,3.4,0.876,0.8,3.8,4.5,6.9,1.6,0.5,2.7,2.4,21.4
546,Devin Vassell,SF,21,SAS,56,17,26.3,4.5,10.5,0.433,1.8,5.2,0.346,2.8,5.3,0.517,0.518,0.9,1.1,0.813,0.6,3.7,4.3,1.8,0.9,0.7,0.8,2.1,11.8
547,Gabe Vincent,PG,25,MIA,56,23,24.6,3.5,8,0.431,1.9,5.1,0.38,1.5,3,0.518,0.551,0.8,0.9,0.808,0.4,1.6,2,3.4,1,0.2,1.5,2.5,9.6
548,Nikola Vu?evi?,C,31,CHI,57,57,33.8,7.6,16.1,0.473,1.5,4.7,0.307,6.2,11.4,0.543,0.519,1.2,1.6,0.755,2,9.6,11.5,3.5,1,1.1,1.9,2.5,17.9
549,Dean Wade,PF,25,CLE,48,25,18.8,1.9,4.1,0.452,1,2.8,0.361,0.9,1.4,0.636,0.573,0.4,0.6,0.655,0.6,2.3,3,1,0.5,0.1,0.3,1.7,5.1
550,Franz Wagner,SF,20,ORL,65,65,31.8,6,12.7,0.469,1.3,3.6,0.372,4.6,9.1,0.507,0.521,2.4,2.8,0.852,1,3.6,4.7,3,0.9,0.5,1.6,2.2,15.6
551,Moritz Wagner,C,24,ORL,46,0,12.8,2.7,5.4,0.5,0.9,2.8,0.328,1.8,2.7,0.68,0.584,1.5,1.8,0.798,0.5,2.2,2.6,1.1,0.3,0.2,0.7,1.9,7.8
552,Ish Wainright,PF,27,PHO,33,0,7.2,0.7,1.9,0.371,0.3,1.1,0.314,0.4,0.8,0.444,0.46,0.1,0.2,0.429,0.6,0.6,1.2,0.3,0.3,0.2,0.3,1.1,1.8
553,Kemba Walker,PG,31,NYK,37,37,25.6,4,10,0.403,2,5.4,0.367,2.1,4.6,0.444,0.501,1.6,1.9,0.845,0.4,2.6,3,3.5,0.7,0.2,1.3,1,11.6
554,Lonnie Walker IV,SG,23,SAS,59,6,23.1,4.5,11,0.41,1.5,4.9,0.309,3,6.1,0.49,0.478,1.5,1.9,0.786,0.3,2.3,2.5,2.2,0.6,0.3,1.1,1.5,12
555,M.J. Walker,SG,23,PHO,2,0,4,0,2,0,0,1,0,0,1,0,0,0,0,0,0,0.5,0.5,0.5,1,0,0,0.5,0
556,Derrick Walton,PG,26,DET,3,3,36,2,8.7,0.231,1,4.3,0.231,1,4.3,0.231,0.288,1.3,1.3,1,0.7,2.7,3.3,7,2.3,1.3,3.7,2.7,6.3
557,Brad Wanamaker,PG,32,TOT,23,2,13.9,1.2,3.3,0.364,0.2,0.7,0.235,1,2.6,0.4,0.39,1,1.1,0.92,0.3,1.4,1.7,2.4,0.3,0.3,1,2,3.6
557,Brad Wanamaker,PG,32,IND,22,1,13.3,1.2,3.3,0.361,0.2,0.8,0.235,1,2.5,0.4,0.389,0.9,1,0.909,0.3,1.3,1.6,2.2,0.2,0.3,1,1.9,3.5
557,Brad Wanamaker,PG,32,WAS,1,1,27,2,5,0.4,0,0,0,2,5,0.4,0.4,3,3,1,0,4,4,7,2,0,0,3,7
558,Duane Washington Jr.,PG,21,IND,34,7,19.5,3.1,8.5,0.372,1.5,4.3,0.356,1.6,4.2,0.387,0.462,0.8,1,0.765,0.1,1.6,1.7,1.8,0.5,0.1,1.1,1.4,8.6
559,P.J. Washington,PF,23,CHO,48,11,26,3.6,8,0.455,1.8,4.9,0.373,1.8,3.2,0.579,0.568,1,1.4,0.723,1.3,4.2,5.5,2,0.8,0.9,1.3,2.5,10.1
560,Yuta Watanabe,SF,27,TOR,30,4,13.4,1.6,4,0.412,0.8,2.2,0.373,0.8,1.7,0.462,0.517,0.7,1.2,0.571,0.6,2.1,2.7,0.6,0.3,0.5,0.6,1.2,4.8
561,Lindy Waters III,SG,24,OKC,9,0,12.7,1.3,3.3,0.4,1,3,0.333,0.3,0.3,1,0.55,0,0,0,0,1.7,1.7,0.1,0.1,0.4,0.2,1.2,3.7
562,Tremont Waters,PG,24,TOT,3,0,16.7,1.3,4.7,0.286,0.7,3,0.222,0.7,1.7,0.4,0.357,0,0,0,0,1.3,1.3,2.3,1.7,0,1.3,1.3,3.3
562,Tremont Waters,PG,24,TOR,2,0,21,1.5,6,0.25,1,4.5,0.222,0.5,1.5,0.333,0.333,0,0,0,0,2,2,3.5,2,0,2,1,4
562,Tremont Waters,PG,24,WAS,1,0,8,1,2,0.5,0,0,0,1,2,0.5,0.5,0,0,0,0,0,0,0,1,0,0,2,2
563,Trendon Watford,SF,21,POR,37,0,14.1,2,3.6,0.548,0.1,0.4,0.2,1.9,3.2,0.592,0.559,1,1.4,0.717,0.9,2.7,3.6,1.3,0.4,0.5,0.7,2,5.1
564,Paul Watson,SF,27,OKC,9,3,17.3,1.3,3.9,0.343,0.7,2.9,0.231,0.7,1,0.667,0.429,0.1,0.2,0.5,0.3,2.7,3,0.9,0.3,0.3,0.4,1.1,3.4
565,Quinndary Weatherspoon,SG,25,GSW,5,0,6.6,1.2,2,0.6,0,0.2,0,1.2,1.8,0.667,0.6,0.4,0.4,1,0.2,1,1.2,0.4,0.2,0.2,0.6,1.4,2.8
566,Russell Westbrook,PG,33,LAL,62,62,34.4,6.9,15.9,0.434,1,3.4,0.284,6,12.5,0.475,0.465,3.3,5,0.67,1.4,6.2,7.6,7.2,1,0.3,4,3,18.1
567,Coby White,PG,21,CHI,44,15,28.1,4.9,10.8,0.451,2.4,5.9,0.403,2.5,4.9,0.509,0.561,1.5,1.8,0.844,0.3,2.8,3,3,0.5,0.2,1.1,2.3,13.6
568,Derrick White,SG,27,TOT,59,49,29.5,4.8,11.2,0.424,1.6,5.1,0.307,3.2,6.1,0.522,0.494,2.8,3.2,0.862,0.6,2.9,3.5,5.1,1,0.9,1.7,2.3,13.9
568,Derrick White,SG,27,SAS,49,48,30.3,5,11.6,0.426,1.7,5.3,0.314,3.3,6.4,0.519,0.497,2.8,3.3,0.869,0.5,3,3.5,5.6,1,0.9,1.8,2.4,14.4
568,Derrick White,SG,27,BOS,10,1,25.6,3.8,9.3,0.409,1.2,4.5,0.267,2.6,4.8,0.542,0.473,2.4,2.9,0.828,0.8,2.5,3.3,2.8,0.8,0.9,1.1,2,11.2
569,Hassan Whiteside,C,32,UTA,51,7,18.2,3.4,5.3,0.638,0,0,0,3.4,5.3,0.638,0.638,1.6,2.5,0.651,2.5,5.2,7.7,0.4,0.3,1.5,0.9,2.9,8.4
570,Joe Wieskamp,SG,22,SAS,17,0,5.6,0.8,1.7,0.448,0.5,1.2,0.4,0.3,0.5,0.556,0.586,0.2,0.4,0.429,0.2,0.3,0.5,0.3,0.2,0.1,0.1,0.4,2.2
571,Aaron Wiggins,SG,23,OKC,38,24,22.6,2.7,5.7,0.472,0.7,2.5,0.295,2,3.2,0.61,0.537,1,1.4,0.712,0.9,2.5,3.4,1.1,0.7,0.2,0.8,2,7.1
572,Andrew Wiggins,SF,26,GSW,59,59,31.7,6.6,14,0.473,2.2,5.5,0.407,4.4,8.5,0.515,0.552,2,3.1,0.636,1.1,3.2,4.3,2.2,1.1,0.7,1.5,2.1,17.4
573,Lindell Wigginton,PG,23,MIL,14,0,8.2,1.1,2.1,0.517,0.5,1,0.5,0.6,1.1,0.533,0.638,0.7,1.3,0.556,0.1,1,1.1,0.5,0.2,0.1,0.5,0.6,3.4
574,Brandon Williams,PG,22,POR,6,0,16.2,3.7,6.8,0.537,1,2.3,0.429,2.7,4.5,0.593,0.61,2.8,3.8,0.739,0.3,1.2,1.5,1.8,0.2,0,1.5,1.5,11.2
575,Grant Williams,PF,23,BOS,61,16,23.7,2.6,5.3,0.489,1.5,3.4,0.44,1.1,1.9,0.578,0.631,1,1,0.921,0.8,2.5,3.3,1.1,0.5,0.7,0.7,2.3,7.7
576,Kenrich Williams,SF,27,OKC,49,0,21.9,3,6.5,0.461,0.8,2.5,0.339,2.1,4,0.536,0.525,0.6,1.1,0.545,1.5,3,4.5,2.2,0.9,0.2,0.9,1.7,7.4
577,Lou Williams,PG,35,ATL,43,0,14.5,2.3,5.9,0.392,0.7,2,0.36,1.6,3.9,0.408,0.453,1.3,1.4,0.871,0.3,1.3,1.6,2,0.5,0.1,0.8,0.9,6.6
578,Patrick Williams,PF,20,CHI,5,5,25,2.6,4.6,0.565,0.6,1.2,0.5,2,3.4,0.588,0.63,0.8,0.8,1,0.2,2,2.2,0.6,0.6,0.4,0.4,1.8,6.6
579,Robert Williams,C,24,BOS,53,53,30.2,4.4,6.1,0.725,0,0,0,4.4,6.1,0.728,0.725,1.1,1.5,0.72,3.9,5.9,9.8,2,0.9,2.2,1.1,2.2,10
580,Ziaire Williams,SF,20,MEM,46,25,21.7,2.9,6.5,0.443,1.1,3.7,0.292,1.8,2.8,0.638,0.525,0.5,0.6,0.793,0.3,1.6,1.9,0.9,0.5,0.2,0.6,1.9,7.3
581,D.J. Wilson,PF,25,TOR,4,1,13.5,2.8,3.8,0.733,0,0.5,0,2.8,3.3,0.846,0.733,2,2.5,0.8,0.3,3.8,4,1.3,1.3,0.3,0.5,1.5,7.5
582,Dylan Windler,SF,25,CLE,38,0,9.2,0.9,2.1,0.423,0.6,1.4,0.382,0.3,0.6,0.522,0.558,0.2,0.2,0.778,0.4,1.3,1.7,0.7,0.2,0.1,0.3,1,2.5
583,Justise Winslow,SF,25,TOT,44,7,15.7,2.2,4.9,0.451,0.3,1.2,0.245,1.9,3.7,0.519,0.481,0.8,1.3,0.614,0.9,3.1,4.1,1.7,0.7,0.5,1,1.4,5.5
583,Justise Winslow,SF,25,LAC,37,1,12.9,1.7,3.8,0.447,0.1,0.8,0.172,1.6,3,0.518,0.465,0.7,1.1,0.61,0.8,2.8,3.6,1.4,0.6,0.5,1,1.2,4.2
583,Justise Winslow,SF,25,POR,7,6,30,4.9,10.6,0.459,1.1,3.4,0.333,3.7,7.1,0.52,0.514,1.4,2.3,0.625,1.6,5,6.6,3.1,1.4,0.7,1.1,2.3,12.3
584,Cassius Winston,PG,23,WAS,5,0,5.4,0.6,1.2,0.5,0.4,1,0.4,0.2,0.2,1,0.667,0.4,0.4,1,0,0,0,1,0,0,0.2,1.4,2
585,Christian Wood,C,26,HOU,60,59,31.2,6.5,13.2,0.494,1.9,4.9,0.381,4.7,8.3,0.56,0.564,3,4.9,0.608,1.8,8.4,10.1,2.2,0.8,1,1.8,2.5,17.9
586,Robert Woodard II,SF,22,SAC,12,0,3.5,0.2,1.3,0.125,0.1,0.3,0.25,0.1,1,0.083,0.156,0.2,0.2,1,0.4,0.5,0.9,0.3,0.1,0.1,0.1,0.3,0.6
587,Delon Wright,SG,29,ATL,58,5,18.1,1.6,3.5,0.444,0.5,1.4,0.373,1,2.1,0.492,0.52,0.7,0.8,0.837,0.7,2.2,2.8,2.4,1,0.2,0.6,0.7,4.4
588,McKinley Wright IV,PG,23,MIN,3,0,3,0.7,1,0.667,0.3,0.7,0.5,0.3,0.3,1,0.833,0,0,0,0,0,0,0.3,0,0,0.3,0.3,1.7
589,Moses Wright,PF,23,LAC,1,0,1,0,0,0,0,0,0,0,0,0,0,0,0,0,0,0,0,1,0,0,0,0,0
590,Thaddeus Young,PF,33,TOT,34,1,15.1,2.8,5.2,0.539,0.2,0.5,0.375,2.6,4.8,0.556,0.556,0.4,1,0.394,1.6,2.1,3.7,2.1,0.9,0.3,1.1,1.5,6.2
590,Thaddeus Young,PF,33,SAS,26,1,14.2,2.8,4.9,0.578,0,0.2,0,2.8,4.7,0.602,0.578,0.4,0.8,0.455,1.5,2,3.6,2.3,0.9,0.3,1.2,1.5,6.1
590,Thaddeus Young,PF,33,TOR,8,0,18,2.8,6.3,0.44,0.8,1.4,0.545,2,4.9,0.41,0.5,0.4,1.4,0.273,1.8,2.4,4.1,1.5,0.8,0.4,1.1,1.8,6.6
591,Trae Young,PG,23,ATL,58,58,34.6,9.4,20.5,0.457,2.9,7.7,0.382,6.4,12.8,0.502,0.529,6.3,7,0.897,0.6,3.2,3.8,9.3,0.9,0.1,4,1.6,28
592,Omer Yurtseven,C,23,MIA,46,11,13.4,2.5,4.7,0.539,0,0.2,0.143,2.5,4.6,0.552,0.541,0.8,1.2,0.636,1.6,4,5.6,1,0.3,0.4,0.8,1.7,5.9
593,Cody Zeller,C,29,POR,27,0,13.1,1.9,3.3,0.567,0,0.1,0,1.9,3.2,0.593,0.567,1.4,1.8,0.776,1.9,2.8,4.6,0.8,0.3,0.2,0.7,2.1,5.2
594,Ivica Zubac,C,24,LAC,60,60,24.2,3.9,6,0.65,0,0,0,3.9,6,0.65,0.65,2.3,3.1,0.718,2.7,5.5,8.2,1.4,0.5,1,1.5,2.6,10
